id,title,artist,lyrics
37657039,Small girl (feat. 도경수(D.O.)),이영지,"If I got a two small cheeks
and a bright pink lips
Baby would you‘ve wanted to kiss me?
만약 내가 작은 볼과 밝은 핑크색 입술을 가졌으면
네가 나한테 키스하고 싶었을까?
Maybe a thin ass waist
With a Brown long hair
Baby, Would you've wanted to hold me?
또는 갈색 긴 머리에 얇은 허리를 가졌다면
네가 나를 껴안고 싶었을까?
No, you never
아니, 전혀
No, I’m never gonna get them all
나는 그 조건들을 전부 다 가질 수가 없어
Yeah,
that’s what makes me feel lonely
그래 그게 나를 참 외롭게 만들어
Oh it’s never
글쎄, 전혀
It can never ever happen to me
나한텐 전혀 일어날 수가 없는 일들이야
Cause I’m that girl
tall girle
나는 키가 큰 여자니까
Boy, I got a small girl fantasy
나는 작은 여자들에 대한 환상이 있어
Baby, would you still love me?
자기야, 그래도 날 사랑해 줄래?
Though I got a big laugh, big voice
& big personality
비록 내가 큰 웃음소리, 큰 목소리, 크고 시끄러운 성격을 가졌대도
Would you guarantee it?
사랑해줄 수 있어?
Know you got a small girl fantasy
너도 작은 여자들에 대한 환상이 있다는 걸 알아
Baby, would you still love me?
자기야, 그래도 날 사랑해줄래?
Though I got a big laugh, big voice
& big personality
비록 내가 큰 웃음소리, 큰 목소리, 크고 시끄러운 성격을 가졌대도
Would you guarantee ?
장담해 줄 수 있어?
If I got a-
If I got a-
Would you guarantee ?
장담할 수 있겠어?
If I got a-
If I got a-
Would you guarantee ?
장담할 수 있겠어?
If I got a-
If I got a-
If I cared about
All Those thing that you care
Then I’m not yours
만약 내가 네가 신경쓰고 있는 것들
전부를 신경쓰고 있었다면 난 네 것이 아니었을거야
Yes, you’re wasting all your time
On some stupid things
맞아, 넌 너무 바보같은 것들에 시간을 낭비하고 있어
Baby Im already yours
난 이미 네 것이잖아
You keep asking me
넌 자꾸 물어봐
Do I really suit you?
Do I really look good?
“내가 너랑 잘 어울리는 거 같아?”
“내가 진짜 예뻐 보여?”
Girl, I don’t understand you
난 당최 이해를 할 수가 없어
All you have to do is
Smiling at me
Like there’s no one to interrupt us
넌 그냥 우릴 방해하는 사람이 아무도 없는 것처럼
날 향해 환히 웃어주기만 하면 돼
‘Cause that’s all I need from you
그게 내가 너한테 바라는 전부야
Make that fingers v
수줍어 하지 말고
가까이 더 붙어
난 여기있어
니가 뭘 원하던지간에
난 항상 똑같아
다른 조건은 애초에
없었어
Big eyes, big laugh
Big voice or big personality
큰 눈, 큰 웃음소리
큰 목소리나 성격
Girl I don’t got no fantasy
난 어떤 환상도 없어
Theres’s no more other fantasy
그리고 그 어떤 환상도 없을거야
If I got a two small cheeks
And a bright pink lips
Baby would you‘ve wanted to kiss me?
만약 내가 작은 볼과 밝은 핑크색 입술을 가졌으면
네가 나한테 키스하고 싶었을까?
Maybe a thin ass waist
With a Brown long hair
Baby, Would you've wanted to hold me?
또는 갈색 긴 머리에 얇은 허리를 가졌다면
네가 나를 껴안고 싶었을까?
No, you never
아니, 전혀
No, I’m never gonna get them all
나는 그 조건들을 전부 다 가질 수가 없어
Yeah,
that’s what makes me feel lonely
그래 그게 나를 참 외롭게 만들어
Oh it’s never
글쎄, 전혀
It can never ever happen to me
나한텐 전혀 일어날 수가 없는 일들이야
Cause I’m that girl
tall girle
나는 키가 큰 여자니까
Boy, I got a small girl fantasy
나 작은 여자들에 대한 환상이 있어
Baby, would you still love me?
자기야, 그래도 날 사랑해 줄래?
Though I got a big laugh, big voice
& big personality
비록 내가 큰 웃음소리, 큰 목소리, 크고 시끄러운 성격을 가졌대도
Would you guarantee ?
사랑해줄 수 있어?
Know you got a small girl fantasy
너도 작은 여자들에 대한 환상이 있다는 걸 알아
Baby, would you still love me?
자기야, 그래도 날 사랑해줄래?
Though I got a big laugh, big voice
& big personality
비록 내가 큰 웃음소리, 큰 목소리, 크고 시끄러운 성격을 가졌대도
Would you guarantee ?
사랑해줄 수 있어?
If I got a-
If I got a-
Would you guarantee ?
장담할 수 있겠어?
If I got a-
If I got a-
Would you guarantee ?
장담할 수 있겠어?
If I got a-
If I got a-"
37460832,SPOT! (feat. JENNIE),지코 (ZICO),"Everything ok my man
Turn the music up
Uhm we’re not going home tonight, alright
네 계획에 없던 party
Up and down round and round
Hit the spot spot spot spot
엎치락뒤치락 정신을 왜 차려 왜
Hey girl where you at
데리러 갈게 send me the address
No dress code 대충 걸치면 돼
우린 꾸밈없고, 나머진 억텐 yeah
농익은 분위기 it’s too sticky
마구 부대껴 어머! 정전기 찌릿
여긴 내 동생 저기는 내 homie
순둥이지만 음악 틀면 눈 돌지
Chillin’ out, we yellin’ out, one more
찐친 바이브 위아래 안 따져
부끄런 I 피식 E를 드러내
포위됐어 넌 now hands in the air
Uhm we’re not going home tonight, alright
네 계획에 없던 party
Up and down round and round
Hit the spot spot spot spot
엎치락뒤치락 정신을 왜 차려 왜
Up and down round and round
Everybody hit the spot
Up and down round and round
Everybody hit the top
Up and down round and round
Everybody make it loud (Make it loud)
Up and down round and round
Ain’t nobody hold us down
어깨 툭툭 he say “Yo JENNIE,
Told you that 도망치면 배신”
Yeah, I know I know
일단 더우니까 바람 쐬러 나가
Bae 나갈 때 뒤로 딱 붙어
땀 뺐으니까 후딱 아이스크림 go
들키면 피곤해져 put your mask on
한바퀴 돌고 퀵하게 조인해
우리 프로젝트 타이틀 명은 J Z
We gon’ run this town, that’s crazy
짱박아 놨던 네 똘끼를 꺼내
해방됐어 넌 now hands in the air
Uhm we’re not going home tonight, alright
네 계획에 없던 party
Up and down round and round
Hit the spot spot spot spot
엎치락뒤치락 정신을 왜 차려 왜
Up and down round and round
Everybody hit the spot
Up and down round and round
Everybody hit the top
Up and down round and round
Everybody make it loud
Up and down round and round
Everybody Stop
Wait a minute ahhh
Come vibe with us
Ride with us"
37225604,EASY,LE SSERAFIM (르세라핌),"다친대도 길을 걸어 kiss me
쉽지 않음 내가 쉽게 easy
Stage 위엔 불이 튀어, 내 body
Pull up and I rip it up like ballet
Damn, I really make it look easy
Yuh know that I make it look easy
Clap your hands, 너도 나와 같다면 clap your hands now
의구심 따윈 그냥 치워, 그냥 말해 “I’m the real one”
조명 꺼진 뒤의 난 wander in the night
Don’t know what is right, don’t know ‘bout my rights
시기심, 의심, 불신, 이젠 friends of me, yuh
세상에게 난 반쪽짜리 seraphim, yuh
Uhm I’ve been tryin’ so long to show you show you show you
I’m the one that you need
다친대도 길을 걸어 kiss me
쉽지 않음 내가 쉽게 easy
Stage 위엔 불이 튀어, 내 body
Pull up and I rip it up like ballet
Damn, I really make it look easy
Yuh know that I make it look easy
Yah know that I make it look easy
수면 위의 백조가 돼 whippin’
때론 풀려, 나의 다리 but I keep it
Get, set, go, come and see me, I’m the FEARLESS
나의 발걸음은 매 순간 history, 이건 my way
영웅처럼 걸어 even if I am not flawless
편하게만 왔다고?
날 몰라봤다면 you have to know
Uhm I’ve been tryin’ so long to show you show you show you
I’m the one that you need
다친대도 길을 걸어 kiss me
쉽지 않음 내가 쉽게 easy
Stage 위엔 불이 튀어, 내 body
Pull up and I rip it up like ballet
Damn, I really make it look easy
Yuh know that I make it look easy"
30244931,봄날,방탄소년단,"보고 싶다
이렇게 말하니까 더 보고 싶다
너희 사진을 보고 있어도
보고 싶다
너무 야속한 시간
나는 우리가 밉다
이젠 얼굴 한번 보는 것 조차
힘들어진 우리가
여긴 온통 겨울 뿐이야
8월에도 겨울이 와
마음은 시간을 달려가네
홀로 남은 설국열차
니 손 잡고 지구 반대편까지 가
겨울을 끝내고파
그리움들이 얼마나
눈처럼 내려야 그 봄날이 올까
Friend
허공을 떠도는
작은 먼지처럼 작은 먼지처럼
날리는 눈이 나라면
조금 더 빨리
네게 닿을 수 있을 텐데
눈꽃이 떨어져요
또 조금씩 멀어져요
보고 싶다 보고 싶다
보고 싶다 보고 싶다
얼마나 기다려야
또 몇 밤을 더 새워야
널 보게 될까 널 보게 될까
만나게 될까 만나게 될까
추운 겨울 끝을 지나
다시 봄날이 올 때까지
꽃 피울 때까지
그곳에 좀 더 머물러줘
머물러줘
니가 변한 건지
니가 변한 건지
아니면 내가 변한 건지
내가 변한 건지
이 순간 흐르는 시간조차 미워
우리가 변한 거지 뭐
모두가 그런 거지 뭐
그래 밉다 니가 넌 떠났지만
단 하루도 너를
잊은 적이 없었지 난
솔직히 보고 싶은데
이만 너를 지울게
그게 널 원망하기보단
덜 아프니까
시린 널 불어내 본다
연기처럼 하얀 연기처럼
말로는 지운다 해도
사실 난 아직 널 보내지 못하는데
눈꽃이 떨어져요
또 조금씩 멀어져요
보고 싶다 보고 싶다
보고 싶다 보고 싶다
얼마나 기다려야
또 몇 밤을 더 새워야
널 보게 될까 널 보게 될까
만나게 될까 만나게 될까
You know it all
You're my best friend
아침은 다시 올 거야
어떤 어둠도 어떤 계절도
영원할 순 없으니까
벚꽃이 피나봐요
이 겨울도 끝이 나요
보고 싶다 보고 싶다
보고 싶다 보고 싶다
조금만 기다리면
며칠 밤만 더 새우면
만나러 갈게 만나러 갈게
데리러 갈게 데리러 갈게
추운 겨울 끝을 지나
다시 봄날이 올 때까지
꽃 피울 때까지
그곳에 좀 더 머물러줘
머물러줘"
37248286,우리 영화,PLAVE,"많은 장면들을 보내고 나면
엔딩크레딧에는 너와 나뿐이야
끝나지 않은 이야긴 계속돼
우리의 영화를 시작해
엄청난 사랑에 빠져 uh
너란 존재를 알게 된 건
oh 정말 Lucky me Lucky me
비슷한 모습에 운명이란 말을 믿었죠
마침내 시작된 우리 이야기를 써 내려가요
너란 영화
되어줄게 Highlight
나의 영화
되어줄래 마지막
한 편의 영화가 끝나도 끝이 아닐 거라고
멜로 영화
주인공은 너야
흑백 영화
속에 너만 빛나
막이 내리고 별빛들이 쏟아질 거야
화면 속에 너와 나 Feel like I'm Hollywood star
BGM은 Nothin' 내가 불러
넌 내 앞에서 Right here 즐겨만 줘
한걸음 우리 손잡고 같이 걷자
두 걸음 아름다운 밤을 지새우자 You know what
What a beautiful night 모닥불 is burnin'
너를 사랑할게 I'm in love
너란 영화
되어줄게 Highlight
나의 영화
되어줄래 마지막
한 편의 영화가 끝나도 끝이 아닐 거라고
멜로 영화
주인공은 너야
흑백 영화
속에 너만 빛나
막이 내리고 별빛들이 쏟아질 거야
함께 걸어가 줄래
진심이니까 내 손 놓지 마
함께 걸어가 줄 때
넘어지면 내 손잡아 줄래
함께 걸어가 줄게
힘들 때면 내 손을 잡을래
함께 걸어가 줄 때
눈부시게 아름다워져 hey
너란 영화
되어줄게 Highlight
나의 영화
되어줄래 마지막
한 편의 영화가 끝나도 끝이 아닐 거라고
멜로 영화
주인공은 너야
흑백 영화
속에 너만 빛나
막이 내리고 별빛들이 쏟아질 거야
많은 장면들을 보내고 나면
엔딩크레딧에는 너와 나뿐이야
끝나지 않은 이야긴 계속돼
우리의 영화를 시작해"
37222942,홀씨,아이유,"내가 누울 자린 아마도
한참 더 위로
아니 적당히 미끈한 곳에
뿌리내리긴 싫어
내 뒤로 착착 따라붙어
다 예쁘게 줄지어
난 기어코 하늘에 필래
음, What a tiny leader
아슬아슬히 나는
홀씨 하나 또 다른
길을 향해서
Fly high to bloom
혹시 나의 안부를
묻는 누군가
있거든 전해줘
걔는 홀씨가 됐다구
날 따라, gonna go to win
날 따라, 날아가 꼭대기루
You say '후‘
I may fly
You say '후‘
Then i fly
날 따라, Even without wings
날 따라, 떠올라 공중으루
You say '후‘
I may fly
You say '후'
Then i fly
다 날 볼 수 있게 날아 줄게 한가운데
시력을 위해 꼭 지참해 니 sunglass
올려보면 눈부셔
고소공포 하나도 안 무셔
따가운 태양과 무지 가까운 거리
까지 올라가 난 무심히 내려보리
구름을 골라타
간만에 한바탕
싹 어질러볼까
빙글빙그르 나는
홀씨 하나 가파른
바람을 타고
Fly high to bloom
혹시 나의 안부를
묻는 누군가
있거든 전해줘
걔는 홀씨가 됐다구
날 따라, gonna go to win
날 따라, 날아가 꼭대기루
You say '후‘
I may fly
You say '후‘
Then i fly
날 따라, Even without wings
날 따라, 떠올라 공중으루
You say '후‘
I may fly
You say '후'
Then i fly
앞길이 만만치 않아도
엄살은 뒤로
내 선택이야 늘 그랬듯이
쉬울 확률은 zero
남은 거 탈탈 털어줄게
모두 행운을 빌어
구태여 인사하고 갈래
May god be with ya
See ya"
37248284,버추얼 아이돌,PLAVE,"아 매워
뭐가요?
맵다고
뭐가요?
어 매운 거? 라쓰고?
그런 거 말고
우리가 맵다
은호야 가자
네 형님
어디 갈까 고민하지 마
누가 뭐래도 난 충분하니까
있잖아 진짜로 하나도 부럽지가 않아
Billie jean is not my lover
타격 없어 떠들어 더
내 스타일은 한 귀로 듣고 흘렸어
죄송해요 귀엽게 봐주세요
버추얼 아이돌
우린 PLAVE
난 삐뚤 빼뚤 (삐뚤 빼뚤)
안 비슷 비슷해 (기특 기특해)
난 삐걱 삐걱 (삐걱 거려)
안 비겁 비겁해
Shake it 흔들어
Hater 들은 그냥 가세요
키득 키득
지긋 지긋
난 삐뚤 빼뚤 (삐뚤 빼뚤)
안 비슷 비슷해 (기특 기특해)
난 삐걱 삐걱거릴수록
다들 좋아해 (닥터)
Shake it 흔들어
Hater 들은 그냥 가세요
키득 키득해
지긋 지긋해
Hey yeah
너 부정하지 마 (할 수 있잖아)
내 생각이 나잖아 (뭐야 왜 저래?)
논중화물이야 난
PLAVE 날아가는 모양
라쓰고
이름이 뭐냐고 물어보게 돼 넌 결국엔 입덕
파란색 노란색 분홍색 실버색 검은색
궁금해서 못 참을 거야 분명
버추얼 아이돌
우린 PLAVE
난 삐뚤 빼뚤 (삐뚤 빼뚤)
안 비슷 비슷해 (기특 기특해)
난 삐걱 삐걱 (아이고)
안 비겁 비겁해
Shake it 흔들어
Hater 들은 그냥 가세요
키득 키득
지긋 지긋
난 삐뚤 빼뚤 (삐뚤 빼뚤)
안 비슷 비슷해 (기특 기특해)
난 삐걱 삐걱거릴수록
다들 좋아해 (뚝스)
Shake it 흔들어
Hater 들은 그냥 가세요
키득 키득해
지긋 지긋해
Hey yeah
인사드리겠습니다
잘 부탁드립니다
자주 뵙고 싶습니다
예쁘게 봐주세요
(예쁘게 봐달라니까?)
인사드리겠습니다
잘 부탁드립니다
자주 뵙고 싶습니다
예쁘게 봐주세요
난 삐뚤 빼뚤
안 비슷 비슷해
난 삐걱 삐걱
안 비겁 비겁해
Shake it 흔들어
Hater 들은 그냥 가세요
여러분 대박입니다"
35299693,Summer (Feat. BE’O (비오)),Paul Blanco,"The sun goes up
I'm sorry I forgot her name
I don't do love
어제는 잊기로 해
I been living like this
Living like this
Living like this
I been living like this
담배빵 On a brand new Bottega bag
어제보다 더 취해서 집에 가네
Are you
Thinking 'bout me
(Thinking 'bout me)
Thinking 'bout me
(Thinking 'bout me)
Thinking 'bout me
Are you thinking 'bout me
But 사실 너가 없어서
내가 꿈꿔 왔던 거
전부 의미가 없어진 건 아니
없어진 건 아니
The sun goes up
I'm sorry I forgot her name
I don't do love
어제는 잊기로 해
I been living like this
Living like this
Living like this
I been living like this
샴페인을 쏟아 니가 준 Cartier 위에
The f*** is this girl
tapping on my back
Are you
Thinking 'bout me
Thinking 'bout me
Thinking 'bout me
Are you thinking 'bout me
너한텐 My life’s good
나는 불평 못해
아무거나 갖다
네 빈자리를 채우려 하지만
말처럼 쉽진 않네
Every night every night
Ay ay Don Julios gets popped
This yungin from the block
압구 Zombie walking
오늘도 Move in silence
내 옆에 쌓이는 많은
것들이면 충분해 나는
나 며칠 갤러리 안 들어가면 돼
It ain't nothing
yeah yeah Stay
방금 내가 한 말은 실수였어 oh wait
니가 저질렀던 실수를
전부 머리에서 지우고
담배불에 다 태우면 돌아올래
Baby girl I'm sorry
사람 말은 아직 잘 믿지 못하지
기대하지는 마 Please
너랑 난 어차피
되고 말아 Nothing
내 삶이 시시해
눈앞에 Vvs 있어도
기지개 니가 잘못했잖아
받을 테니까 먼저 전화해
This song is for you
아침에 눈 뜨면 다 꿈이어줘
다 봄인데 눈이 오네 내 맘에만
쭉 니가 뭘 해도
But 사실 너가 없어서
내가 꿈꿔 왔던 거
전부 의미가 없어진 건 아니
없어진 건 아니
yeah yeah Stay
방금 내가 한 말은 실수였어 oh wait
니가 저질렀던 실수를
전부 머리에서 지우고
담배불에 다 태우면 돌아올래
yeah yeah Stay
방금 내가 한 말은 실수였어 oh wait
니가 저질렀던 실수를
전부 머리에서 지우고
담배불에 다 태우면 돌아올래
내가 아닌 저 사람과
새 삶을 만들어가지마
내가 아닌 저 사람과
새 삶을 만들어가지마
내가 아닌 저 사람과
새 삶을 만들어가지마
내가 아닌 저 사람과
새 삶을 만들어가지마"
3853980,어땠을까 (Feat. 박정현),싸이 (PSY),"내가 그때 널 잡았더라면
너와 나 지금보다 행복했을까
마지막에 널
안아줬다면 어땠을까
나의 옛사랑 옛사람
가끔 난 너의 안부를 속으로 묻는다
그리고는 혼자 씩 웃는다
희미해진 그때의 기억을 빈 잔에
붓는다
잔이 차고 넘친다
기억을 마신다
그 기억은 쓰지만 맛있다
그 시절 우리의 도수는 거의
웬만한 독주보다 높았어
보고 또 봐도 보고팠어
사랑을 해도 해도
서로에게 고팠어목말랐어
참 우리 좋았었는데
헤어질 일이 없었는데
왜 그랬을까
그땐 사랑이 뭔지 몰라서
사랑이 사랑인줄 몰랐어
혼자서 그려본다
헤어지지 않았더라면
어땠을까 내가 그때 널
어땠을까 잡았더라면
어땠을까
너와 나 지금보다 행복했을까
어땠을까 마지막에 널
어땠을까 안아줬다면
어땠을까
너와 나 지금까지 함께 했을까
둘이 같이 꼴딱 밤새 맞이한 아침
홀딱 잠 깨 창문을 닫지
우리는 마치 창 밖의 참새처럼
잠들기 싫어하는 애처럼
초등학생처럼
아무도 없는데 아무도 모르게
아무도 못 듣게 귓속에 말을 해
그 시절 우리의 온도는 거의 저
밑에 적도 보다 높았어
성났어 감기도 아닌 것이 열났어
온몸의 어디든 귀를 갖다 대면은
맥박소리가
귓가에 그날의 너의 소리가
왜 그랬을까
그땐 사랑이 뭔지 몰라서
사랑이 사랑인 줄 몰랐어
혼자서 그려본다
헤어지지 않았더라면
어땠을까 내가 그때 널
어땠을까 잡았더라면
어땠을까
너와 나 지금보다 행복했을까
어땠을까 마지막에 널
어땠을까 안아줬다면
어땠을까
너와 나 지금까지 함께 했을까
눈앞에서 살진 않지만
눈감으면 살고 있다
다른 사람 품 안에서
같은 추억 하면서
내 곁에 있진 않지만
내 몸이 기억하고 있다
다른 사람 품 안에서
같은 추억 하면서
왜 그랬을까
그땐 사랑이 뭔지 몰라서
사랑이 사랑인 줄 몰랐어
혼자서 그려본다
헤어지지 않았더라면
어땠을까 내가 그때 널
어땠을까 잡았더라면
어땠을까
너와 나 지금보다 행복했을까
어땠을까 마지막에 널
어땠을까 안아줬다면
어땠을까
너와 나 지금까지 함께 했을까"
4681146,한여름밤의 꿀,San E (산이),"무더운 밤 잠은 오지 않고
이런저런 생각에 불러본 너
나올 줄 몰랐어
간지러운 바람 웃고 있는 우리
밤하늘에 별 취한듯한 너
시원한 beer cheers
바랄게 뭐 더 있어
한여름밤의 꿀 한여름밤의 꿀
so sweet so sweet yum
정말 오랜만이야 어떻게 지냈어
나 똑같지 뭐 그냥 열심히 일했어
넌 어때 그때 그 사람 계속 만나
헤어졌구나 미안
괜한 얘기 꺼내 어쨌든 반가워
시간 진짜 빠르다 벌써
여기까지 왔네 우리도
근데 어쩜 넌 하나 변함없이
여전히 이쁘네
던진 농담 반 진담 반 왜 말
돌리는데
술 때문인 건지 아니면
부끄러운 건지
빨개지는 볼 너 생각나로
피어나는 추억에 화원
색색 아련한 이야기꽃 웃음꽃
I want to tell you something
예전에 나 너 좋아했던 거 알어
and you said I know
나 좀 취했나 봐
헛소리 신경 쓰지 말고
cheers 건배 오늘처럼
무더운 밤 잠은 오지 않고
이런저런 생각에 불러본 너
나올 줄 몰랐어
간지러운 바람 웃고 있는 우리
밤하늘에 별 취한듯한 너
시원한 beer cheers
바랄게 뭐 더 있어
한여름밤의 꿀 이건 마치
한여름밤의 꿀 우린 마치
so sweet so sweet yum
Hold up 지금 나오는 노래 뭐지
잠깐
Hold up 알듯한데 제목 기억
안 나는 옛 노래
흥얼거려 멜로디
시원한 밤공기
자리 옮길 겸 걷자 신난다며 폴짝
뛰어가는 뒷모습
참 순수해 너란 여자
그러다 벌레 한 마리에 기겁하더니
가로등 불빛 아래 포개지는 그림자
하나 이 순간 둘 행복해
셋 어느새 쥐고 있는 손가락 넷
한여름밤의 꿈 깨고 싶지 않은
한여름밤의 꿀 바로 오늘 같은
무더운 밤 잠은 오지 않고
이런저런 생각에 불러본 너
나올 줄 몰랐어
간지러운 바람 웃고 있는 우리
밤하늘에 별 취한듯한 너
시원한 beer cheers
바랄게 뭐 더 있어
한여름밤의 꿀 이건 마치
한여름밤의 꿀 우린 마치
so sweet so sweet yum
오늘 너무 즐거웠어 너무 즐거웠어
너무 반가웠어 나도 반가웠어
잘 자 굿나잇
You have a sweet dream
이런 널 보고 있자니 바랄게 없어서
행복했어 So happy
너무 행복했어 Me too
잘 자 굿나잇
You have a sweet dream
이런 널 안고 있자니 바랄게
뭐 더 있어
한여름밤의 꿀 한여름밤의 꿀
so sweet so sweet yum
한여름밤의 꿀 이건 마치
한여름밤의 꿀 우린 마치
so sweet so sweet yum"
36761467,"Smoke (Prod. Dynamicduo, Padi)",다이나믹 듀오,"Light it up Light it up Light it up
나는 달리거나 넘어지거나
둘 중에 하나야 브레이크 없는 bike
택도 없는 것들을 택도 안 뗀 옷 위로 stack it up
난 절대 빠꾸 없는 type
I’m gonna smoke you up
I’mma smoke you
I’m gonna smoke you up
I’mma smoke you
I’m gonna smoke you up
I’mma smoke you
싹 다 부수고 원상복구해 (light it up)
적자생존
아마 난 진짜 1
내일 없는 애들 빈 수레가 요란해 that’s why I’m shooting
To your 골대 cuz you have no keeper
차린 것 없는 밥상 들이밀지 말고 zip up
저기 빈털터리들 재떨이에 털어 넣고 twerkin‘
Then I’mma smoke another chance
You know that I’mma chop it
Lazy ho
그리고 또 stupid thug
모자란 애들 들이 마시고 뱉어 that’s wassup
내 입김은 태풍 내가 후 하고 불면 넌 힘없이 쓰러지는 가로수
무대 위 조명은 늘 파란불 내가 짓밟고 가는 넌 횡단보도 위에 가로줄
어차피 너무 기운 시소 이쯤 되면 너에게 필요한 건 시도 아닌 기도
난 입으로 널 패지 구타
처맞은 것처럼 네 뺨은 붉게 불타
나는 달리거나 넘어지거나
둘 중에 하나야 브레이크 없는 bike
택도 없는 것들을 택도 안 뗀 옷 위로 stack it up 난 절대 빠꾸 없는 type
I’m gonna smoke you up
I’mma smoke you
I’m gonna smoke you up
I’mma smoke you
I’m gonna smoke you up
I’mma smoke you
싹 다 부수고 원상복구해 (light it up)
끝났어 파티는
잔 돌려 ice water
여긴 아무도 없네
날 상대할 카리스마가
타자 팔자에 난 outsider
죽거나 싹 쓸어 주먹 안에 주사위
타고난 dice roller
지그시 밟아주지 부득이 싸움 나면
속도 조절 어린이 보호구역부터 아우토반
까다롭게 굴어 사우스포
갈기지 턱주가리 카운터
넌 피식 쓰러지는 나무토막
I’mma south side baddie
Collect all these veggies
Lap top 위에서 money dance
넌 계속해라 copy
Nothing's dynamic in ur life
저주 같지
다 끝난 파티 뒤에서
꽁초나 하나 줍길
Man I can't curse to you
Cuz you already die for it
Sorry that I’m so stable in my life
I’m done with it
Better get your money
Or u better get ma number
다 피고 남은 꽁초 더밀
꽂아줄게 주머니에
나는 달리거나 넘어지거나
둘 중에 하나야 브레이크 없는 bike
택도 없는 것들을 택도 안 뗀 옷 위로 stack it up 난 절대 빠꾸 없는 type
I’m gonna smoke you up
I’mma smoke you
I’m gonna smoke you up
I’mma smoke you
I’m gonna smoke you up
I’mma smoke you
싹 다 부수고 원상복구해 (light it up)
하이킥 로우킥에 넌 쓰러지지 픽픽
풀린 두 다리 눈 콧바람은 씩씩
네 목을 조르는 내 두 다리 사이로 보이는 네 흰자위
힘없이 탭탭 질식
팔다리를 꺾는 암바와 니바
네 자존심을 꺾는 짬바와 이빨
넌 피투성이 사람들이 기겁해
난 관대해 더 버티지 마 받아줄게 기권패
다 겪었지 대우차부터 테슬라
다 꺾였지 같이 짬밥 먹던 랩 스타
We stand strong
완력보다 강한 펜촉
우습게 봐도 오래 버티는 게 센 놈
상어 밥도 안돼 넌 그냥 벵에돔
엄마 젖은 사치 이유식을 맥여 더
빈약한 커리어 세치 혀로 채 썰어
태운 다음 재 털어
I’m gonna smoke you up
I’mma smoke you
I’m gonna smoke you up
I’mma smoke you
I’m gonna smoke you up
I’mma smoke you
싹 다 부수고 원상복구해 (light it up)
I’m gonna smoke you up
I’mma smoke you
I’m gonna smoke you up
I’mma smoke you
I’m gonna smoke you up
I’mma smoke you
싹 다 부수고 원상복구해 (light it up)"
31295312,Trip (Feat. Hannah),릴러말즈 (Leellamarz),"배낭 메고 여행이나 갈까
머리도 식힐 겸 지금 말야
아무런 계획도 없이 나 혼자
여행이나 다녀오지 뭐
숨 좀 쉬고 싶어서
잠깐이면 돼 잠깐이면
눈 깜빡한 사이에 돌아올게
잠깐이면 돼 잠깐이면
잠깐이면 돼 잠깐
잠깐이면 돼 잠깐이면
해 뜨기 전 까지 딱 돌아올게
잠깐이면 돼 잠깐이면
잠깐이면 돼 잠깐
잠깐 holup wait
머리는 아파 오는데
어디 잠깐 나를 달래줄 곳으로
여행이나 다녀오려 해
맛있는 거 멋있는 거
전부 느끼고 노래로 쓸게
바래졌던 나의 기억 속
잠들었던 그 추억 속에 나는
다섯 살 때쯤 일본에서
중학교 때쯤 유럽으로
대학 들어가곤 전 세계를
이제는 가고파 조용한 곳
맛있는 거 멋있는 거
전부 느끼고 노래로 쓸게
옆에는 yolin 비행기 표
다른 건 하나도 필요 없어
배낭 메고 여행이나 갈까
머리도 식힐 겸 지금 말야
아무런 계획도 없이 나 혼자
여행이나 다녀오지 뭐
숨 좀 쉬고 싶어서
잠깐이면 돼 잠깐이면
눈 깜빡한 사이에 돌아올게
잠깐이면 돼 잠깐이면
잠깐이면 돼 잠깐
잠깐이면 돼 잠깐이면
해 뜨기 전 까지 딱 돌아올게
잠깐이면 돼 잠깐이면
잠깐이면 돼 잠깐
umm wait take me away
나도 떠나고 싶어
나도 느끼고 싶어
그 자유 그 여유
그거 누리고 싶어
여행 떠날래
너가 제일 잘 알잖아
돌아오고 싶지 않을지도 몰라 umm
만나볼래 새로운 사람 새로운 느낌
가보고 싶어
떠나고 싶어
이제는 떠나볼래
잠깐이면 돼 잠깐이면
눈 깜빡한 사이에 돌아올게
잠깐이면 돼 잠깐이면
잠깐이면 돼 잠깐
잠깐이면 돼 잠깐이면
해 뜨기 전 까지 딱 돌아올게
잠깐이면 돼 잠깐이면
잠깐이면 돼 잠깐"
1850253,우산 (Feat. 윤하),에픽하이 (EPIK HIGH),"어느새 빗물이
내 발목에 고이고
참았던 눈물이
내 눈가에 고이고
I cry
텅빈 방엔 시계소리
지붕과 입 맞추는 비의 소리
오랜만에 입은
코트 주머니속에 반지
손틈새 스며드는 memory
며칠만에 나서보는 밤의 서울
고인 빗물은 작은 거울
그 속에 난 비틀거리며
아프니까 그대 없이 난
한쪽 다리가 짧은 의자
둘이서 쓰긴 작았던 우산
차가운 세상에 섬 같았던 우산
이젠 너무 크고 어색해
그대 곁에 늘 젖어있던
왼쪽어깨
기억의 무게에 고개 숙여보니
버려진듯 풀어진 내 신발끈
허나 곁엔 오직 비와 바람 없다
잠시라도 우산을 들어 줄 사람
and I cry
어느새 빗물이
내 발목에 고이고
참았던 눈물이
내 눈가에 고이고
I cry
그대는 내 머리위에 우산
어깨위에 차가운 비 내리는 밤
내 곁에 그대가
습관이 되어버린 나
난 그대없이는 안돼요
alone in the rain
하늘의 눈물이 고인 땅
별을 감춘 구름에 보인 달
골목길 홀로 외로운 구두 소리
메아리에 돌아보며
가슴 졸인 맘
나를 꼭 닮은 그림자
서로가 서로를 볼 수 없었던
우리가
이제야 둘인가
대답을 그리다
머리 속 그림과 대답을 흐린다
내 눈엔 너무 컸던 우산
날 울린 세상을 향해 접던 우산
영원의 약속에 활짝 폈던 우산
이제는 찢겨진 우산
아래 두 맘
돌아봐도 이제는 없겠죠
두 손은 주머니 속 깊게 넣겠죠
이리저리 자유롭게 걸어도
두 볼은 가랑비도 쉽게 젖겠죠
어느새 빗물이
내 발목에 고이고
참았던 눈물이
내 눈가에 고이고
I cry
그대는 내 머리위에 우산
어깨위에 차가운 비 내리는 밤
내 곁에 그대가
습관이 되어버린 나
난 그대없이는 안돼요
alone in the rain
난 열어놨어 내 맘의 문을
그댄 내 머리 위에 우산
그대의 그림자는 나의 그늘
그댄 내 머리 위에 우산
난 열어놨어 내 맘의 문을
그댄 내 머리 위에 우산
그대의 그림자는 나의 그늘
그댄 내 머리 위에 우산
나의 곁에 그대가 없기에
내 창밖에 우산을 들고
기다리던 그대
I cry
그대는 내 머리위에 우산
어깨위에 차가운 비 내리는 밤
내 곁에 그대가
습관이 되어버린 나
난 그대없이는 안돼요
그대는 내 머리위에 우산
어깨위에 차가운 비 내리는 밤
내 곁에 그대가
없는 반쪽의 세상
그댄 나 없이는 안돼요
forever in the rain"
37691812,Smeraldo Garden Marching Band (feat. 로꼬),지민,"Say oh!
여러분을 위한 harmony
Oh say love
자 이제 소개할게
시작된 건 6월 12일
행복을 선물해 매일
Say oh!
(Let’s talk about us)
전하지 못한 말
숨겨왔던 너의 맘
다 전해줄 거야
(Just for you)
더는 고민하지 마
우리가 함께니까
솔직해져 봐
(Let’s go)
Woo, I love you babe
다가갈게 너에게
I love you babe
(Yessir)
Woo, I want you babe
I wanna hold your hand
I want you babe
반대로 fade away 매일이 새롭게
이름 부를 테니 너는 피어나기만 해줘
우리가 맞춰 jam 해 느낀 대로 계속해
바로 앞에서 말 못 해도 널 위해서
Made a band
I’ve been looking for love
Just for you
빨라지는 속도
난 못 멈춰
(Can’t stop)
날짜도 없이 하루 종일
머리 위에 네가 떠 있어
혹시라도 손 대면
난 톡 하고 터져버릴 듯이
커져 love
(Let’s talk about us)
눈부신 하늘과
흩날리는 꽃들도
함께할 거야
(All for you)
So tell me how you feel
그저 느낀 그대로
너를 맡겨봐
(Let’s go)
Woo, I love you babe
다가갈게 너에게
I love you babe
(Yessir)
Woo, I want you babe
I wanna hold your hand
I want you babe
(Take it to the bridge)
막이 오르고 조명이 켜지면
모두가 제자리에
Turn up the music
준비된 것 같아
시작할게 1, 2
손 머리 위로"
32790874,"Rainy day (Feat. ASH ISLAND, Skinny Brown)",PATEKO (파테코),"비가 와 오랜만에
비가 오지 말라 했어
근데 한 달간에
나도 몰래 기다렸나 봐
Rainy day Rainy day aye yeah
Rainy day yeah
Rainy day
오늘을 기다렸나 봐 난 Rainy day
원래는 기다리지도 않았던
Rainy day
이제는 비가 조금 내리는 건
맞곤 해 이젠
어쩌면 조금 더 가서
난 기다려서 내일엔
비가 와라며 재촉해 너를
볼 핑곌 대기 때문에
What’s goin on girl
무슨 일은 없어
밥은 먹었나 태어나서 첨 하는 걱정
알려줘 나는 너를 더 알고 싶기보단
그저 어디서 무엇을 하는지 보고해줘
집착은 아냐 lady
그런 놈은 안될 게
이런 얘기 원래 안 하는 거
알잖아 왜 이래
그냥 이 곡이 되게 유치해 보여서 제길
비가 오면 같이 우울해지던 그런 내게
빗물같이 떨어져서 너란 사람이
물어서 나는 너에게 어떤 사람 같았니
비가 올 때 우산 사줄 바엔 차라리
나는 같이 맞는 게
좋으니까 걷자 같이
비가 와 오랜만에
비가 오지 말라 했어
근데 한 달간에
나도 몰래 기다렸나 봐
Rainy day Rainy day aye yeah
Rainy day yeah
Rainy day
오늘을 기다렸나 봐 난 Rainy day
준비되어 있지 않아서 나 혼자 uh
울곤 해서 빗소리에 맞춰 혼자 uh
참 좁았었지 몇 평 남짓한 공간엔
오랜 적막과 어둠만이
네가 내게 오기 전까지
난 창 열고 확인해 weather
손 뻗어 is u there
하늘이 어두워지면 거린
환하게 빛내어
넌 보여주려 했나 봐 거리에
형형 색 umbrellas
너와 발맞춰 걸어 불빛 위에
like a shadow
계속 이렇게 있어 줘
Imma treat u better better and
너는 되고 내 인생에
new chapter
비가 오는 것도 좋지만 말했잖아
뒤 rainbow
까지 너와 보고 싶어
till the sunrise and sunset off
비가 오길 기다려 본 적은 처음이야
떨어지는 소린 노크 같아 처음이야
네가 내 하루에 들어와서 다행이야
uh u are the reason
why I'm waitin on that rainy time
비가 와 오랜만에
비가 오지 말라 했어
근데 한 달간에
나도 몰래 기다렸나 봐
Rainy day Rainy day aye yeah
Rainy day yeah
Rainy day
오늘을 기다렸나 봐 난 Rainy day"
3853977,뜨거운 안녕 (Feat. 성시경),싸이 (PSY),"PSY collaboration
TOY introducing 성발라
불타 올랐던 남과 여
나 없이 괜찮니 넌
죽기 아니면 까무러칠 줄 알았어
미칠 줄 알았어 지칠 줄 알았어
그리워 너 미워
근사했고 감사했고 자기야 자기야
밤새 했고
이젠 오래돼버린 한 조각조각이
나도 너무 나서
하도 오래된 일이라서
나도 사는 게 바빠서
그만 맘에도 없는 말
그만 숨어서 한숨만
그만 우리 함께 했던 날
나만 미쳐 가는 걸까
소중했던 내 사람아 이젠 안녕
그래 그래 이젠 안녕
찬란하게 반짝이던 눈동자여
그대 그대 눈동자여
사랑했던 날들이여 이젠 안녕
그래 그래 이젠 안녕
달빛 아래 타오르던 붉은 입술
떠난다면 보내드리리
뜨겁게 뜨겁게 안녕
같이 베었던 베개에 배어있는
너의 흔적을 버려
미련을 버려 남는 건 사진이야
다 지워버려
미팅 소개팅으로 재부팅해버려
너의 모든걸 삭제 맘대로 안돼
가슴과 머리가 따로 논다는 소리
BABY I AM SORRY
아침부터 밤까지 하나부터 열까지
다 같이 했기 때문에 너무 힘들어
입술을 깨무네
술김에 억지로 잠을 재우네
술도 수면제도 너를 못 이겨
또 밤을 새우네 왜 헤어졌냐
자존심 때문에
소중했던 내 사람아 이젠 안녕
그래 그래 이젠 안녕
찬란하게 반짝이던 눈동자여
그대 그대 눈동자여
사랑했던 날들이여 이젠 안녕
그래 그래 이젠 안녕
달빛 아래 타오르던 붉은 입술
그대 그대 붉은 입술
그리워 어지러워
서러워 기분 더러워
ONE MORE TIME
그리워 어지러워
서러워 기분 더러워
하나뿐인 목숨을 바치고
같은 날 생을 마치고
나 같은 놈에게 이 모든 건 사치고
다치고 닥치고 아디오스
소중했던 내 사람아 이젠 안녕
그래 그래 이젠 안녕
찬란하게 반짝이던 눈동자여
그대 그대 눈동자여
사랑했던 날들이여 이젠 안녕
그래 그래 이젠 안녕
달빛 아래 타오르던 붉은 입술
떠난다면 보내드리리
뜨겁게 뜨겁게 안녕
잘자요"
30613202,시차 (We Are) (Feat. 로꼬 & GRAY),우원재,"밤새 모니터에 튀긴 침이
마르기도 전에 강의실로
아 참 교수님이 문신 땜에
긴 팔 입고 오래
난 시작도 전에 눈을 감았지
날 한심하게 볼 게 뻔하니 이게 더 편해
내 새벽은 원래 일몰이 지나고
하늘이 까매진 후에야 해가 뜨네
내가 처량하다고 다 그래
야 야 난 쟤들이 돈 주고 가는
파리의 시간을 사는 중 이라 전해
난 이게 궁금해
시계는 둥근데 날카로운 초침이
내 시간들을 아프게
모두가 바쁘게
뭐를 하든 경쟁하라 배웠으니
우린 우리의 시차로 도망칠 수밖에
이미 저 문밖엔 모두 그래
야 일찍 일어나야 성공해 안 그래
맞는 말이지 다
근데 니들이 꿈을 꾸던 그 시간에
나도 꿈을 꿨지
두 눈 똑바로 뜬 채로
We're livin' in a different time zone
바뀌어버린 낮과 밤이야
yeah
Have a good night 먼저 자
아직 난 일하는 중이야
We are who we are
We a-a-are who we a-a-are ohahh
Don't you know who we are
4호선 문이 열릴 때
취해 있는 사람들과 날 똑같이 보지마
그들이 휘청거릴 때마다
풍기는 술 냄새마저 부러웠지만
난 적응해야 했거든 이 시차
꿈을 꾸게 해 준 침댄 이 기차
먼지 쌓일 틈이 없던 키보드 위
그리고 2009년부터 지금까지 계속
GRAY on the beat ya
아침은 까맣고 우리의 밤은 하얘
난 계속 칠하고 있고 똑같은 기찰 타네
걱정한 적 없어 막차 시간은 한 번도
얇았던 커튼이 햇빛을 완벽히 못 가려도
난 지금 눈을 감아야 해
내일의 나는 달라져야 해
우린 아무것도 없이 여길 올라왔고
넌 이 밤을 꼭 기억해야 돼
We're livin' in a different time zone
바뀌어버린 낮과 밤이야
yeah
Have a good night 먼저 자
아직 난 일하는 중이야
We are who we are
We a-a-are who we a-a-are ohahh
Don't you know who we are
밤새 모니터에 튀긴 침이
마르기도 전에 대기실로
아 참 문신 땜에 긴 팔 입고 오래
녹화 전에 눈을 감고 생각하지
똑같은 행동 다른 느낌
시차 부적응에 해당돼
지금 내 옆엔 Loco 그리고 GRAY
모두 비웃었던 동방의 소음이 어느새
전국을 울려대
야 이게 우리 시차의 결과고
우린 아직 여기 산다 전해
We're livin' in a different time zone
바뀌어버린 낮과 밤이야
yeah
Have a good night 먼저 자
아직 난 일하는 중이야
We are who we are
We a-a-are who we a-a-are ohahh
Don't you know who we are
모두 위험하다는 시간이
우린 되려 편해
Don't you know who we are
밝아진 창문 밖을 봐야지
비로소 맘이 편해
Don't you know who we are
모두가 다 피하는 반 지하가 우린 편해
Don't you know who we are
We are We are We are
Don't you know who we are"
32698101,OHAYO MY NIGHT,디핵 (D-Hack),"너를 사랑하고 있어
너를 사랑하고 있어
자기야 날 사랑해주면 안 될까
말처럼 쉽지는 않은 걸 알지만
세게 날 안아주면 안 될까
오늘따라 세상이 무섭단 말이야
잠깐 인공호흡을 해주라
왠지 숨이 잘 안 쉬어져서 난
날 놓을 거면 과거에 놔주라
네가 있는 시간에서 죽어갈 거야
우리 그냥 결혼하면 안 될까
돈은 내가 열심히 벌 테니까
이 세상과 내가 눈감는 날
까지만 날 사랑한다 말해주라
내가 너를 사랑해도
네가 날 안 사랑해도
우린 나름대로 행복할 거야
내 방 천장에 그려 본
내 우주에게 물어본
말은 나를 사랑하면 안 될까
오사카나 오키나와의 바다
내 뮤비들을 찍었던 곳 말이야
같이 가자 약속했었잖아
그 약속이 깨질까 봐 겁이 나
WHUTUF이 결혼한다 하던 날
진짜 처음으로 걔가 부럽더라
하얀 웨딩드레스를 입은 아름다운
너와 영원을 말할 수 있을까
가족이 되어주라
내 집이 되어주라
나도 날 줄 테니 너도 널 주라
평생의 연인이야
네 말대로 말이야
그래 별과 우주잖아
날 사랑하지 않는다면
나의 사랑 반을 받아
남은 사랑의 반도
내가 채워줄 거야 꼭
내가 너를 사랑해도
네가 날 안 사랑해도
우린 나름대로 행복할 거야
내 방 천장에 그려 본
내 우주에게 물어본
말은 나를 사랑하면 안 될까
내가 너를 사랑해도
네가 날 안 사랑해도
우린 나름대로 행복할 거야
내 방 천장에 그려 본
내 우주에게 물어본
말은 나를 사랑하면 안 될까"
35937396,NOT SORRY (Feat. pH-1) (Prod. by Slom),이영지,"미안해
하나도 하나도
아무것도 미안하지가 않아서
그저 나답게 살아가고픈 것뿐 oh
엄마 나 힙합 관둘게
혼자서만 도태된 것 같애
다들 폭죽 터트리고 벌려 축제
진심은 전부 곡해돼
사랑은 왜곡돼
모든 게 다 쉽게 변해 플라스틱 같애
Look u in the mirror
You're the human being too
철없긴 똑같지
다 곁눈질 뿐
원리원칙에 갇힌
빈 깡통 덩어리 이리저리 굴러
온 세상을 휙 뒤집어 놓지
""스타일 바꿔 마인드 바꿔
이참에 챙겨 눈치도""
""다리 떨지 말고 살 좀 빼
동네 창피스러워""
""어깨 힘은 좀 빼""
""어차피 니가 뱉는 구절 전부
힙합 아니니까 밥그릇 치워""
Man I don't give a about
what u said
우리 엄마 말도 잘 안 듣던 내가
니 말은 왜?
Hip-hop? Not hip-hop?
I don't mind it
차례대로 퇴장해 난 아냐
네 오마카세
I don't care
I don't care
About what people said!
Nah
I don't give a about what you said
I’m not sorry
머릿속엔 언제나
Only me myself and I
Don't worry
철없게 살아도
어쩌겠어
I'm the only one
미안해
하나도 하나도
아무것도
미안하지가 않아서
그저 나답게 살아가고픈 것뿐 oh
잘 웃으니까 내가
참 바보 같나 봐
나에 대해서 잘 알지도 못하면서
Always killing my vibe
뭐라도 되는 줄 아나 봐
Feeling like you becoming somebody
하지만 그건 너의 착각
나 물어볼 게 있어
삿대질 자격 어딨어
날 가르쳐 들려 하지 마
You ain't my teacher
I'll school you
넌 왈가왈부
할 짓 없이 그냥 말만 많구
Say what?
""pH-1 쇼미 피처링
제발 좀 그만 나와""
""노래도 못하면서 싱잉 하는
복면가왕""
""자극적이지 않아,
재미없어 He need drama""
괜찮아, 난 모든 일에
내 진심을 담아
But looky
내 무기는 두 귀를 닫은 채
눈치 안 보기
헛수고해 버린 losers 물어봐 후기
My mercy, I'm cruising
목걸이는 Real Cuban
쉬워 보이면 너가 해봐
Come and show it
I'm proven
적당히 맞추면서 살아가
일일이 다 설명하기엔 내 입이 아파
I'm always tryna live my own life
내 앞가림하기에도 난 충분히 바빠
난 나를 속여가면서
바뀌고 싶진 않아
너 아니어도
날 사랑해 주는 사람들 많아
I don't care (I don't care)
what you say (what you say)
I don't give a about what you said
I'm not sorry
머릿속엔 언제나
Only me myself and I
Don't worry
철없게 살아도
어쩌겠어
I'm the only one
미안해
하나도 하나도
아무것도
미안하지가 않아서
그저 나답게 살아가고픈 것뿐
Look,
I wish that I could be the only one
Who get a lot of love, no hate
But 어려워
내 나이 21
And I got a lot of problem to solve
길 잃은 청춘이지만
그게 내 길이고
우린 반의 반쪽짜리 육체를 다듬어
당당히 날 몰아붙인
위선과 거짓 다 깔고 기립해
막연히 끄덕이고 조아리긴
죽기보다 싫으니
I don't give a about what u said
I’m not sorry
머릿속엔 언제나
Only me myself and I
Don't worry
철없게 살아도
어쩌겠어
I'm the only one
미안해
하나도 하나도
아무것도
미안하지가 않아서
그저 나답게 살아가고픈 것뿐 oh
I'm not sorry
Don't worry
미안해
하나도 하나도
아무것도
미안하지가 않아서
그저 나답게 살아가고픈 것뿐 oh"
3726617,자니 (Feat. Dynamic Duo),프라이머리,"일 끝나서 친구들과 한잔
내일은 노는 토요일이니깐
일 얘기 사는 얘기 재미난 얘기
시간가는 줄 모르는 이 밤
술기운이 올라오니 사내놈들끼린
결국엔 여자 얘기
적적해서 서로의 전화기를 꺼내
번호목록을 뒤져보지
너는 지금 뭐해 자니 밖이야
뜬금없는 문자를 돌려보지 난
어떻게 해볼까란 뜻은 아니야
그냥 심심해서 그래
아니 외로워서 그래
술자리가 끝나가 3차로
이동하기 전인데 문자는
일분 칠분 십분 and 이십분
담배와 애만 태우는 지금
답장 왔어 오빠 나 남친 생겼어
늦었어 좀 일찍 연락하지 그랬어
담에 봐 그냥 담에 낮에 봐
후회할거 알면서 전 여자친구에게
너는 지금 뭐해 자니 밖이야
뜬금없는 문자를 보내보지 난
어떻게 해볼까란 뜻은 아니야
그냥 심심해서 그래
아니 외로워서 그래
아 진짜 술만 들어가면
왜 이렇게 들뜨는지
나도 잘 몰라 난 왜 그녀들을
부르는지 갑자기 허전해
작업을 걸어대지 여기저기 오늘 밤
나 자존심 다 버렸네
전 여친한테 더럽게 달라붙어
봤지만 그녀는 버럭해
너 진짜 철없게 언제까지 이럴래
미안해 갑자기 외로운걸 어떡해
껄떡대 껄떡대 나 여기저기 다
맘껏 들쑤시고 다녀 온 거릴 거릴 다
또 잠들었어 프라이머리가
텐션 떨어진다 동훈아 넌 저리가
이제 해가 나올 시간이 되가니까
눈이 녹듯이 사그라드는 기대감
너무 지치고 피곤해 자고 싶어
이제 나 첫차를 타고 졸며 집에가
창밖에 앉아 밖을 바라보네
나는 꾸벅꾸벅 조는데
사람들은 하루를 시작해
눈부셔 아침해를 보는게
정신은 맑아지지 않는 기분
아직도 바쁜 내 손가락
아직 손은 바쁘게 움직이지
해장국이나 먹고 갈래 오빠랑
너는 지금 뭐해 자니 밖이야
뜬금없는 문자를 보내보지 난
어떻게 해볼까란 뜻은 아니야
그냥 심심해서 그래
아니 외로워서 그래
가지마 제발 심심해서 그래"
36695861,거리에서 (Feat. ASH ISLAND),릴러말즈 (Leellamarz),"거리에서 내
노래가 나와
배낭 메고
여행이나 갈까
지나고 보니
시간은 참 빨라
어떻게 너가 다른
남자를 만나
거리에서 내
노래가 나와
텅 빈 가슴을 채웠었지
야망으로 (야망으로)
어떻게 너가 다른
남자를 만나
Ay Girl, how you do that
도대체 어떻게 그래
내게로 부터 You running away
잡으러 갈 거야 내 노래들이
너가 남자랑 둘이 있을 때
들리게 내 목소리
혹시 그 사람이랑
잘돼가는 중이었다면 미안해 Sorry
Oh yeah, 일어나면 축제
Oh yeah, 급하다 급해
Oh yeah, 웃어 짓궂게
그리울 일 없게 일을 해야겠지 Yeah
Racks on racks
두르지 Chanel bags
너가 원하던 게 이제 다 있는데
이 내용마저 클리셰야
질척거리는 게
나는 취향인가 봐
다 지나고 아픈 거
이게 후회인가 봐
그냥 접어서 넣어
전부 상자에다가
나중에 시간 되면
한 번씩 꺼내봐
거리에서 내
노래가 나와
배낭 메고
여행이나 갈까
지나고 보니
시간은 참 빨라
어떻게 너가 다른
남자를 만나
거리에서 내
노래가 나와
텅 빈 가슴을 채웠었지
야망으로 (야망으로)
어떻게 너가 다른
남자를 만나
여전히 거기 있을 텐데
못 지운 사진이 수백 개
지우려고 하면
지우려 할수록
이쁜 것도 전부
구겨질 텐데
그 XX보다 내가 못한 게 뭐야
나는 밤새 너를
지켰지 All night long
다시 와주길 바란 소파
너 빼곤 그대로 있어 정말로
빛이 쏟아 내리던 날
너는 나의 손을 잡았고
영원할 것처럼 말한
Let’s just stay
one more night
말뿐이었잖아
Black rose in my heart
변해버린 너와 나
With my broken heart
질척거리지 않을게
다시 돌아와
다 끝났어 아프고
너도 후회하잖아
지난 추억들을
꺼내볼까 너와 나
이 노래들 전부
다 너의 얘기잖아
거리에서 내
노래가 나와
배낭 메고
여행이나 갈까
지나고 보니
시간은 참 빨라
어떻게 너가 다른
남자를 만나
거리에서 내
노래가 나와
텅 빈 가슴을 채웠었지
야망으로 (야망으로)
어떻게 너가 다른
남자를 만나
거리에서 내
노래가 나와
배낭 메고
여행이나 갈까
지나고 보니
시간은 참 빨라
어떻게 너가"
34875621,LOVE me,BE'O (비오),"Hey girl, Where you at? (Where you at?)
대체 어디서 뭐 하는지 궁금해
기분이 너무 Bad Bad (So bad)
침대가 허전해 잠이 안 오잖아
재미도 없어 TV show
너 데리고 놀던 Pretty boy
그 고민을 내게 털어놓던
너의 표정이 아직 선명해
소파에 벤 니 향기가 비릿해
내 몸이 자꾸 빠져 깊이 Yeah
미리 알아도 난 이리
멍청하게 행동을 해버린다니까
Oh please
Love me love me love me
I know, I'm stupid
어쩔 수 없어 널 보고 싶은걸
Oh please
Love me love me love me
I know, I'm stupid
어쩔 수 없어 널 보고 싶은걸
Now I say I love you
So I love you
Now I say I love you
나 아프더라도 몰라
Now I say I love you
So I love you
Now I say I love you
나 아프더라도 몰라
Oh please
Love me love me love me
I know, I'm stupid
어쩔 수 없어 널 보고 싶은걸
Oh please
Love me love me love me
I know, I'm stupid
어쩔 수 없어 널 보고 싶은걸
Now I say I love you
Try Try
말할까 내 불안에 불안을
끊겼다는 Wi-Fi
이젠 안 믿어 Lie Lie
매일 빠져있던 너의 반지같이
허전함 사이사이
그 자리의 기회를
아무에게나 주고 또 Bye Bye
너는 넘 빨리 들렀다 가기 땜에
나는 타이밍 안 맞아 매일 바삐
화를 내야 할지 아니면 그냥 아기처럼
울어버리고서 떼를 써야 할지
I don't know 아예 모르겠어
이러니 내가 노력해도
시간이 없으니 어쩌겠어
할 말이 하나밖에 더 있겠어
Oh please
Love me love me love me
I know, I'm stupid
어쩔 수 없어 널 보고 싶은걸
Oh please
Love me love me love me
I know, I'm stupid
어쩔 수 없어 널 보고 싶은걸
Now I say I love you
So I love you
Now I say I love you
나 아프더라도 몰라
Now I say I love you
So I love you
Now I say I love you
나 아프더라도 몰라
Oh please
Love me love me love me
I know, I'm stupid
어쩔 수 없어 널 보고 싶은걸
Oh please
Love me love me love me
I know, I'm stupid
어쩔 수 없어 널 보고 싶은걸
Now I say I love you
Oh please
Love me love me love me
Oh please
Love me love me love me
Oh please
Love me love me love me
I know, I'm stupid
어쩔 수 없어 널 보고 싶은걸
Now I say I love you"
35542908,Pink Venom,BLACKPINK,"Kick in the door Waving the coco
팝콘이나 챙겨 껴들 생각 말고
I talk that talk Runways I walk walk
눈 감고 pop pop 안 봐도 척
One by one then Two by two
내 손끝 툭 하나에 다 무너지는 중
가짜 쇼 치곤 화려했지
Makes no sense You couldn’t
get a dollar outta me
자 오늘 밤이야 난 독을 품은 꽃
네 혼을 빼앗은 다음
Look what you made us do
천천히 널 잠재울 FIRE 잔인할 만큼 아름다워
I bring the pain like
This that pink venom
This that pink venom
This that pink venom
Get ‘em, get ‘em, get ‘em
Straight to ya dome like
whoa whoa whoa
Straight to ya dome like ah ah ah
Taste that pink venom
Taste that pink venom
Taste that pink venom
Get ‘em, get ‘em, get ‘em
Straight to ya dome like
whoa whoa whoa
Straight to ya dome like ah ah ah
Black paint and ammo,
got bodies like Rambo
Rest in peace, please light up a candle
This da life of a vandal,
masked up and I’m still in Celine
Designer crimes or it wouldn’t be me
Diamonds shinin’ drive in silence
I don’t mind it I’m ridin’
Flyin’ private side by side with da
pilot Up in the sky
And I’m wildin’, stylin’ on them and
there’s no chance
Cuz we got bodies on bodies like this a
slow dance
자 오늘 밤이야 난 독을 품은 꽃
네 혼을 빼앗은 다음
Look what you made us do
천천히 널 잠재울 FIRE 잔인할 만큼 아름다워
I bring the pain like
This that pink venom
This that pink venom
This that pink venom
Get ‘em, get ‘em, get ‘em
Straight to ya dome like
whoa whoa whoa
Straight to ya dome like ah ah ah
Taste that pink venom
Taste that pink venom
Taste that pink venom
Get ‘em, get ‘em, get ‘em
Straight to ya dome like
whoa whoa whoa
Straight to ya dome like ah ah ah
원한다면 provoke us
감당 못해 and you know this
이미 퍼져버린 shot that potion
네 눈앞은 핑크빛 ocean
Come and give me all the smoke
도 아니면 모 like I’m so rock and roll
Come and give me all the smoke
다 줄 세워 봐 자 STOP DROP
I bring the pain like
La tatata La tatata La tatata La tatata
La tatata La tatata
Straight to ya
Straight to ya
Straight to ya dome like
La tatata La tatata La tatata La tatata
La tatata La tatata
I bring the pain like"
35640077,Shut Down,BLACKPINK,"Blackpink in your area
Blackpink in your area
컴백이 아냐 떠난 적 없으니까
고개들이 돌아 진정해 목 꺾일라
분홍빛의 얼음 drip drip drip
freeze ‘em on sight
Shut it down what what what what
게임이 아냐 진 적이 없으니까
짖어봐 네 목에 목줄은 내 거니까
땅바닥에 닿은 pedal we go two zero five
Shut it down uh uh uh uh
초록 비를 내려 머리 위로 Don’t trip, baby
겸손하게 그냥 앉아있어 Just sit, baby
Praying for my downfall,
many have tried, baby
Catch me when you hear my Lamborghini go vroom, vroom, vroom,
vroom
When we pull up you know
it’s a shutdown
간판 내리고 문 잠가 shut down
Whip it whip it whip it whip it
Whip it whip it whip it whip it
It’s black and it’s pink once the sun
down
When we pull up you know
it’s a shutdown
간판 내리고 문 잠가 shut down
Whip it whip it whip it whip it
Whip it whip it whip it whip it
Keep watching me shut it down
Nah
You don’t wanna be on my bad side
that’s right I’m slidin’ through
Bunch of wannabes that wanna be me,
me three if I was you
Been around the world, pearls on ya
girl, VVS's we invested uh
Need a lesson see the necklace,
see these dresses
We don’t buy it we request it uh
A rockstar, a popstar but rowdier
Say bye to the paparazzi, get my
good side, I'll smile for ya
Know it ain’t fair to ya, it’s scarin’ ya
like what now
Blackpink in your area, the area been
shut down. It’s a shutdown
네 다음 답안지야 똑바로 봐
don’t sleep baby
뒤집어봐 이건 가격표야 ain’t cheap baby
Stay in your own lane ‘cause
I’m ‘bout to swerve
Catch me when you hear my Lamborghini go vroom, vroom, vroom,
vroom
When we pull up you know
it’s a shutdown
간판 내리고 문 잠가 shut down
Whip it whip it whip it whip it
Whip it whip it whip it whip it
It’s black and it’s pink once the sun
down
When we pull up you know
it’s a shutdown
간판 내리고 문 잠가 shut down
Whip it whip it whip it whip it
Whip it whip it whip it whip it
Keep watching me shut it down
Shut it down Blackpink in your area
Shut it down woah woah woah woah
Shut it down Blackpink in your area
Keep talking we shut you down"
531840,Y (Please Tell Me Why),프리스타일,"My baby I love you so much
forever you and I
I love you oh I love you so much
forever you and I
My baby I love you so much
forever you and I
I love you oh I love you so much
forever you and I
지나간 시간들을 모두 다
되돌릴 순 없겠지
하나 둘 쌓여가는 걱정도
모두 내 탓이겠지
하루가 지나고 이틀 아무 의미가 없어
너없는 이 순간이 내게는
아무 느낌도 없어
Tell Me Please tell me why
왜 나를 떠나 갔어
Please tell me why
사랑하는 나를 두고
Tell me Please tell me why
내게 다시 돌아와줘
지난 아픈 기억들은 모두 잊고서
우리 다시 시작해 Baby
My baby I love you so much
forever you and I
I love you oh I love you so much
forever you and I
My baby I love you so much
forever you and I
I love you oh I love you so much
forever you and I
Yo X girl friend How have you been
어떻게 지내
너도 알겠지 내가 바보같은 남자란걸
무언가를 잃어버린것 처럼
불안해 그안에 가슴에 구멍이 난것처럼
허전해 여전해 한번 시작된 눈물은
대체 마르지가 않아 여태
혹시나 마주칠까
니가 자주걷는 거리를
두리번 두리번 거리며
반복하는 내모습을 보면
너때문인걸 My Girl
how much of love 너 역시 난
나와 함께 했던 그곳을 찾아 다닐지도 몰라
다시 내게 돌아와줘 My sweet heart
Please tell me why 왜 나를 떠나 갔어
Please tell me why
사랑하는 나를 두고 Tell me
Please tell me why 내게 다시 돌아와줘
지난 아픈 기억들은 모두 잊고서
우리 다시 시작해 Baby
My baby I love you so much
forever you and I
I love you oh I love you so much
forever you and I
My baby I love you so much
forever you and I
I love you oh I love you so much
forever you and I
난 지금 여기 있는데
널 항상 기다리는데
어떻게 해야 하는지 되돌릴 순 없는지
다시 내게 돌아와줘
My baby I love you so much
forever you and I
I love you oh I love you so much
forever you and I
My baby I love you so much
forever you and I
I love you oh I love you so much
forever you and I"
1913501,하루 하루,BIGBANG (빅뱅),"떠나가
Ye the finally I reallize
That I`m nu`ttin without you
I was so wrong forgive me
파도처럼 부서진 내맘
바람처럼 흔들리는 내 맘
연기처럼 사라진 내 사랑
문신처럼 지워지지 않아
한숨만 땅이 꺼지라 쉬죠
내 가슴속에 먼지만 쌓이죠
Say good bye
Ye 네가 없이는 단 하루도
못 살것만 같았던 나
생각과는 다르게도
그럭저럭 혼자 잘 살아
보고싶다고 불러봐도
넌 아무 대답없잖아
헛된 기대 걸어봐도
이젠 소용없잖아
네 옆에 있는 그 사람이 뭔지
혹시 널 울리진 않는지
그대 내가 보이긴 하는지
벌써 싹 다 잊었는지
걱정돼 다가가기 조차
말을 걸 수 조차 없어
애 태우고 나 홀로 밤을 지새우죠
수백번 지워내죠
돌아보지 말고 떠나가라
또 나를 찾지 말고 살아가라
너를 사랑했기에 후회 없기에
좋았던 기억만 가져가라
그럭저럭 참아볼만해
그럭저럭 견뎌낼만해
넌 그럴수록 행복해야돼
하루하루 무뎌져 가네
Oh girl
I cry cry yo my all
Say good bye
길을 걷다 너와 나
우리 마주친다 해도
못 본척 하고서
그대로 가던 길 가줘
자꾸만 옛 생각이
떠오르면 아마도
나도 몰래 그댈 찾아
갈지도 몰라
넌 늘 그 사람과 행복하게
넌 늘 내가 다른 맘 안 먹게
넌 늘 작은 미련도 안 남게끔
잘 지내줘 나 보란 듯이
넌 늘 저 하늘같이 하얗게
뜬 구름과도 같이 새파랗게
넌 늘 그래 그렇게 웃어줘
아무일 없듯이
돌아보지 말고 떠나가라
또 나를 찾지 말고 살아가라
너를 사랑했기에 후회 없기에
좋았던 기억만 가져가라
그럭저럭 참아볼만해
그럭저럭 견뎌낼만해
넌 그럴수록 행복해야돼
하루하루 무더져 가네
나를 떠나서 맘 편해지길
나를 잊고서 살아가줘
그 눈물은 다 마를 테니 ye
하루하루 지나면
차라리 만나지 않았더라면
덜 아플텐데
영원히 함께하자던
그 약속 이젠
추억에 묻어두길 바래 baby
널 위해 기도해
돌아보지 말고 떠나가라
또 나를 찾지 말고 살아가라
너를 사랑했기에 후회 없기에
좋았던 기억만 가져가라
그럭저럭 참아볼만해
그럭저럭 견뎌낼만해
넌 그럴수록 행복해야돼
하루하루 무뎌져 가네
Oh girl I cry cry
Yo my all say goodbye bye
Oh my love don`t lie lie
Yo my heart say good bye"
34100776,내 기쁨은 너가 벤틀리를 끄는 거야,김승민,"baby get the message
life is hard to maintain
your life is like a tape
가끔은 쉽게 발을 빼
분명 네 꿈 짓밟기 위해
신발을 사는 사람 있을 테니
취소가 불가능해 많은 사람들한테
네 말은 세상 비슷한 걸 테니까
참아야 해 아무 답이 없대
남겨지긴 싫고 떠나는 것도 두려워
사람은 잘만 왔다가 떠나는데
선택지가 있는데 안 좋은 결정했대
난 돈은 그럴 때 쓰려고 버는 건데
난 지켜야만 하는 게 너의 자존심인데
다 지키면서 살 수만은 없기에
답이 없네 아무 답이 없네
집에 오는 bus에서 아이처럼
밖을 쳐다보았겠지만
살짝 독해지는 걸 느껴 어른처럼
짐을 싸고 떠날 거야
even if I lose it all
Nike를 신고 멀어지는
거지 같은 거리에서
벌어지는 많은 일 괜찮냐 물었어
넌 oh 넌 아이처럼
maybe or not maybe or not
혼자 다 참아야만 했나 봐
멀어지는 거지 같은 거리에서
벌어지는 많은 일 괜찮냐 물었어
넌 oh 넌 아이처럼
maybe or not maybe or not
혼자 다 삼켜야만 했나 봐
넌 늘 아파하고 난 늘 도와주려고만 하지
구해달라 한적 한번 없이
혼자 붕대를 감지
난 네 등 뒤에 있어 또 등은 손 안 닿고
혼자 낑낑대는 너를 보면 장전된 총
얼굴에 대고 살아가는 것만 같아
넌 나무 위에 올라간
새끼 고양이 같은 거 아니라고
혼자 그냥 두라고 슬퍼하게 두라고
혼자 슬퍼해서 좋을 건 또 뭔데
monday to sunday one day to 평생
너가 white frappe나 마시며
수다나 떨길 바래
세월 가면 잊혀질
점수 따위에 연연하지 말고
너의 dice 낮게 나오면 나에게 말해
너의 하루가 매일 행복 일순 없겠지만
내 역할은 그 사실을 부정하는 것
널 다치게 한 하루를 용서하지도 말 것
물밀려 오듯 올 거야
위험은 pied piper
그 위험은 다 나의 것
넌 알아둬야 해 이걸
언젠간 나 역시도
무너져 버리고 말 거야
이 거지 같은 세상에서
혼자는 불가능하겠지만
그때 가선 너의 가족을 꾸리게 될 거야
너무 좋은 거래엔 항상 거짓이 섞여 있어
사람을 곁에 두되 너무 믿지 말 것
내가 너한테 그랬었던 것처럼 무조건
너의 아이들을 절대적으로 지킬 것"
1698598,거짓말,BIGBANG (빅뱅),"ye love is pain
to all my brokenhearted people
one's old a flame
scream my name
and i'm so sick of love songs
ye i hate damn love song
memento of ours
거짓말
늦은 밤 비가 내려와
널 데려와
젖은 기억 끝에 뒤척여 나
너 없이 잘 살 수 있다고
다짐 해봐도 어쩔 수 없다고
못하는 술도 마시고
속타는 맘 밤새 채워봐도
싫어 너 없는 하루는 길어 빌어
제발 잊게 해달라고
너 없는 내겐 웃음이 보이지 않아
눈물조차 고이지 않아
더는 살고 싶지 않아
엿같애 열받게
니 생각에 돌아버릴것 같애
보고 싶은데 볼 수가 없대
모두 끝났대
I'll be right there
i'm so sorry but i love you
다 거짓말 이야 몰랐어
이제야 알았어
네가 필요해
i'm so sorry but i love you
날카로운 말
홧김에 나도 모르게
널 떠나보냈지만
i'm so sorry but i love you
다 거짓말
i'm so sorry
but i love you
i'm so sorry but i love you
나를 떠나
천천히 잊어줄래
내가 아파할 수 있게
그댈 위해서 불러왔던
내 모든 걸 다 바친 노래
사람들은 모르겠죠
난 혼자 그 아무도 아무도 몰래
그래 내가 했던 말은 거짓말
홀로 남겨진 외톨이
그 속에 헤매는 내 꼴이
주머니 속에 꼬깃꼬깃
접어둔 이별을 향한 쪽지
넌 어딨나요 널 부르는 습관도
난 달라질래
이젠 다 웃어넘길게
i'm so sorry but i love you
다 거짓말 이야 몰랐어
이제야 알았어
네가 필요해
i'm so sorry but i love you
날카로운 말
홧김에 나도 모르게
널 떠나보냈지만
i'm so sorry but i love you
다 거짓말
i'm so sorry
but i love you
i'm so sorry but i love you
나를 떠나
천천히 잊어줄래
내가 아파할 수 있게
모든게 꿈이길
이것밖에 안되는 나라서
아직도 너를 못 잊어
아니 평생을 가도 죽어서까지도
내가 준 상처 아물었는지
미안해
아무것도 해준게 없는 나라서
i'm so sorry but i love you
다 거짓말 이야 몰랐어
이제야 알았어 네가 필요해
i'm so sorry but i love you
날카로운 말
홧김에 나도 모르게
널 떠나보냈지만
i'm so sorry but i love you
다 거짓말
i'm so sorry
but i love you
i'm so sorry but i love you
나를 떠나
천천히 잊어줄래
내가 아파할 수 있게"
2314377,죽일 놈 (Guilty),다이나믹 듀오,"너 아까 나한테 왜그랬어
너 또 왜 그러는데
내가 도대체 어디까지 맞춰야 돼
넌 맨날 그런 식이야
됐어 나 갈게
너는 뛰쳐나가
차 문을 부술듯이 닫으면서
난 머리를 쳐박고 한숨쉬어
핸들을 안으면서
이런 광경이 너무 익숙해 이젠
웬만한 싸움에는 상처도
잘 안나 이젠
명품 쇼핑할 때처럼 너무 깐깐해
니 기준은
한번 화나면 뒤끝 장난 아냐
적어도 2주는 가니까
난 성격이 너무 물러서
넌 항상 말해 남자니까
뒤로 좀 물러서
부담돼 니가 내게 결혼을
보채는것도
난 달인처럼 대화 화제를
돌리는 법도
많이 늘었어
넌 항상 추격하고 나는 도망쳐
솔직히 말할게 난 아직
준비안됐어
지쳤어 조금
널 향한 사랑은 도금이
벗겨진 반지처럼
빛이 바랬어
오늘은 이별을 말해야 될 것 같아
지겹거든 너랑 다툴 때마다
항상 하는 말
내가 죽일 놈이지 뭐
우리가 어긋날 때면
전부 내 탓이지 뭐
마치 죄인인 것처럼
난 한걸음 물러섰어
아무말도 안해
완벽한 너한테 난 항상
부족한 사람인 걸
처음엔 쉬웠어 너와
함께라는게
난 너를 피해
내 자신을 숨기고 또 지웠어
사랑에 취해 내게 기대고
너란 퍼즐에
날 억지로 맞춰 끼웠어
하지만 이제 난 지쳤어
니가 만든 내게 난 숨이
막혀 오는데
넌 점점 더 내게 바라는게
많아졌어
마찰이 잦아졌어
니가 사준 구두굽처럼
사랑이 닳아졌어
니 잔소리는 넥타이처럼
내 목을 조여서
날 얌전하게 만들었지
그래서 그게 좋아 보였어
그때는 속은 한참 뒤틀리고
꼬였어
지금 난 널 만나기전에
내가 너무 고파
이미 우리 사이
권태라는 벽은 너무 높아
내가 더 잘할게
잘할게하며 발악했던 나지만
오늘은 말할래
이것이 너와 나의 마지막
내가 죽일 놈이지 뭐
우리가 어긋날 때면
전부 내 탓이지 뭐
마치 죄인인 것처럼
난 한걸음 물러섰어 아무말도 안해
완벽한 너한텐 난
항상 부족한 사람인 걸
내가 잘할게
내가 잘할게란 말
이젠 두 번 다신 안할게
이 말 안할래
너를 사랑해란 말
이젠 두번다신 안할게
내가 잘할게
내게 잘해달란 말
이젠 두 번 다신 안할게
이 말 안할래
그동안 참아왔던 이별을
오늘은 네게 말할래
I Don't want say no more
내가 죽일 놈이지 뭐
우리가 어긋날 때면
전부 내 탓이지 뭐
마치 죄인인 것처럼
난 한걸음 물러섰어 아무말도 안해
완벽한 너한텐 난
항상 부족한 사람인 걸"
2979494,예술이야,싸이 (PSY),"너와 나 둘이
정신없이 가는 곳
정처 없이 가는 곳
정해지지 않은 곳
거기서 우리
서로를 재워주고
서로를 깨워주고
서로를 채워주고
Excuse me잠시만
아직까진 우린 남
하지만 조만간
중독성을 자랑하는 장난감
지금 이 느낌적인 느낌이 통하는 느낌
녹아버릴 아이스크림
지금이 우리에게는 꿈이야
너와 나 둘이서 추는 춤이야
기분은 미친 듯이 예술이야
WOO WHE OH WOO WHE OH WOO WHE
하늘을 날아가는 기분이야
죽어도 상관없는 지금이야
심장은 터질 듯이 예술이야
WOO WHE OH WOO WHE OH WOO WHE
예술이야 예술이야
예술이야 예술이야
예술이야 예술이야
이런 날이 올 줄이야
예술이야 예술이야
예술이야 예술이야
WOO WHE OH WOO WHE OH WOO WHE
너와 나 둘이
밤새 잔을 부딪혀
밤새 뺨을 부비며
밤새도록 둘이서
눈이 점점 풀린다
리도 따라 풀린다 끌린다
너에 대한 수수께끼가 풀린다
지금 이 춤에 너의 가빠진 숨에
수줍음에 You know what I mean
지금이 우리에게는 꿈이야
너와 나 둘이서 추는 춤이야
기분은 미친 듯이 예술이야
WOO WHE OH WOO WHE OH WOO WHE
하늘을 날아가는 기분이야
죽어도 상관없는 지금이야
심장은 터질 듯이 예술이야
WOO WHE OH WOO WHE OH WOO WHE
여기서 우리
같은 것을 즐기고
같은 것을 느끼고
웃다가 흐느끼고
아가씨 만나기 전엔 난 건달
미녀 만나기 전엔 야수였던 날
바꿔 버렸어
내가 찾던 사람 너였어 예술이였어
지금이 우리에게는 꿈이야
너와 나 둘이서 추는 춤이야
기분은 미친 듯이 예술이야
WOO WHE OH WOO WHE OH WOO WHE
하늘을 날아가는 기분이야
죽어도 상관없는 지금이야
심장은 터질 듯이 예술이야
WOO WHE OH WOO WHE OH WOO WHE
예술이야 예술이야
예술이야 예술이야
예술이야 예술이야
이런 날이 올 줄이야
예술이야 예술이야
예술이야 예술이야
WOO WHE OH WOO WHE OH WOO WHE
너와 나 언제까지나
Till the end of time
P S Y"
5650996,우연히 봄,로꼬,"우연히 내게 오나봐
봄 향기가 보여
너도 같이 오나봐
저 멀리서 니 향기가
설레는 코끝에 나의 입술에
괜찮은 느낌 이 떨림
나도 몰래 우연히 봄
어 어느새
겨울 지나 봄이야
여전히 난 너
앞에선 돌이야
난 아직 이게
믿기지가 않지만
내 왼손은
지금까지도 너의 향기가
미묘하게 흘렀던 분위기에
아직까지 난 가까스로 숨 쉬네
무대 위완 다르게 니 눈을 피해
고개를 돌렸던
내 모습에 한숨 쉬네
오랜만에 느껴지는
이 떨림이 날 단순하게 만들어
딱 너만 아는 거리지
다 고쳤다고 생각했던 버벅임이
또 도져서 준비했던
말을 잊어버리지
난 주워 담지 못할
말은 절대 안 해
원하는 걸 말해봐
널 위해서만 할게
너 빼곤 다
색칠할 수 있어 까맣게
천천히 갈게 조금 더 가깝게
우연히 내게 오나봐
봄 향기가 보여
너도 같이 오나봐
저 멀리서 니 향기가
설레는 코끝에 나의 입술에
괜찮은 느낌 이 떨림
나도 몰래 우연히 봄
우연히 봄
어 아직까지 향기가 짙네
발걸음이 가벼워
집에 가는 길엔
더 가까워질 너와 나를
상상하는 내 모습이
오글거려 몸서리치네
어 어 머릿속이
하얘지기 때문에
하루 종일 날씨
얘기만 반복하게 돼
오로지 난 너 하나 때문에
다른 것들에겐 무감각하게 돼
정적이 만드는 긴장감은
오히려 설레어
나를 미소 짓게 만들어
모른 척 하려 했던
니 옆의 남자들은
흐릿했던 내 눈 앞에
불을 키게 만들어
겨울은 유난히도 추웠고
다시 돌아온
그토록 기다렸던 봄
움직이지 못하도록
잡고 있고 싶어
날 더 느낄 수 있게
안고 있고 싶어
우연히 내게 오나봐
봄 향기가 보여
너도 같이 오나봐
저 멀리서 니 향기가
설레는 코끝에 나의 입술에
괜찮은 느낌 이 떨림
나도 몰래 우연히 봄
I love u so I love u
너무 쉬운 걸
그래도 나 참고 있을게
난 여자이니까
하루 더 기다려
바보야 내게 말해봐
니 마음도 보여
갖고 싶다고 해봐
더 이상은 감추지 마
어느새 내 앞에 이젠 내 앞에
괜찮은 느낌 이 떨림
나도 몰래 우연히 봄"
3170749,Officially Missing You,긱스 (Geeks),"널 기다리던 밤처럼
길고 어둡던 우리 사이 공백
이게 끝이 아니길 바래
I wanna go back
너가 원하던 거 다 고친 지금에야
넌 어디로 갔는지
난 홀로 남아 Lonely
오늘 따라 부는 바람도
참 시린 것 같은데
넌 왜이리 멀쩡해보이는 건지
눈치도 없는 너지만
예전처럼만 웃어주면 돼
나에겐 너 하나뿐인 걸
너 때매 아파 하는걸
널 잊으려고 노력해봐도 잘 안돼
널 미워하는 건
추억 속 너에겐 못된 일이라
난 할수가 없어
이렇게 널 그리워
하는 날 알고있는지
나에겐 너 하나뿐인 걸
너 때매 아파 하는걸
널 잊으려고 노력해봐도 잘 안돼
널 미워하는 건
too hard 너무 어려워
날 몰라주는 너도 서러워
I'm officialy missing you
Officialy missing you
Ye Im officially missing you
You know how I've been through
이젠 너와 내가 친구 사이로 남아
내 삶이 전부 진부 하게만 느껴져
마치 실이 빠진 진주
혹은 가벼운 티슈
우리둘 간에 issue makin은 이젠 없을거야
넌 아무 느낌두 안나겠지만서도
나 없는 밤이 긴듯 혼란스럽겠지
나 역시 옆구리 시린 just sandle
지루한 스캔들
내 안티팬들이 되버린
니 주위사람과 불리한 Game을
하기도 전에 Over를 쳤지만
Just painful Ye I just can do it
But can't be single
사랑 노랠 들어도
Where the melodies at
행동 하나 하나 모두 다 외로움이 돼
So Im officially missing you
날 떠난 너지만 아직 날 괴롭히네
나에겐 너 하나뿐인 걸
너 때매 아파 하는걸
널 잊으려고 노력해봐도 잘 안돼
널 미워하는 건
추억 속 너에겐 못된 일이라
난 할 수가 없어
이렇게 널 그리워
하는 날 알고있는지
나에겐 너 하나뿐인 걸
너때매 아파 하는걸
널 잊으려고 노력해봐도 잘안돼
널 미워하는 건
Too hard 너무 어려워
날 몰라주는 너도 서러워
I'm officialy missing you
Officialy missing you"
2733249,죽을 만큼 아파서 (Feat. 멜로우),MC몽,"I found the way to
let you leave
I never really had
it coming
I can't be in the
sight of you
I want you to stay
away from my heart
너의 집 앞으로 가고 있어
빨리 전화 받어
내가 아파서 죽을 것 같거든
너 못보면 내가 진짜
죽을 것 같애
전화 좀 받아줘 1분만
내 말좀 들어줘봐 잠깐만
죽을 것 같애서
난 숨도 못쉬어
나좀 살자 제발 한번만
너의 집 앞에서 네시간째
찢어지는 내 맘 넌 모른채
웃고있니 행복하니
모든 추억과 날 버린채
아프고 숨이 막히는 침묵
어느 새 내 눈물을
가려버린 빗물
머리에서 발끝까지
소름이 끼칠 듯
내 피가 솟구치는 기분
중독된것처럼
하루종일 온통 고통스런
But she's gone
바라보는 너의 시선 그리워
That's why sing
this song
제발 지옥같은 여기서
날 꺼내줘
이게 꿈이라면 어서 날 깨워줘
모든것이 다 거짓말이라고 해줘
내게 말해줘 말해줘
나 살 수 있게
I found the way to
let you leave
I never really had
it coming
I can't be in the
sight of you
I want you to stay
away from my heart
Every day and night
난 술에 만취
마음이 안심하는 것도 잠시
시간이 약이면 왜 낫질 않지
이럴 순 없어 이건 사랑의 반칙
미안해 난 참 욕심이 많아
수면제도 나를 돕지를 않아
밤낮이 바껴 니 생각마다
이리저리 돌아다녀
몸부림 치나봐
하늘이 내게 내린 벌인가
아님 그리 쉽게 나를 버릴까
억지로 누군가를 사랑하며
또 살아갈까
별들 사이를 누비고
내 맘을 노래로 채우고
Don't leave let me freez
날 좀 도와줘 Help me please
제발 지옥같은 여기서
날 꺼내줘
이게 꿈이라면 어서
날 깨워줘
모든것이 다 거짓말이라고 해줘
내게 말해줘 말해줘
나 살 수 있게
I found the way to
let you leave
I never really had
it coming
I can't be in the
sight of you
I want you to stay
away from my heart
I don't want you to leave
나를 두고 가지 마
정말 끝이라고 내게 말하지 마
단 하루조차도 너 없인
살 수 없어
I want you back
want you back in to
my life
I found the way to
let you leave
I never really had
it coming
I can't be in the
sight of you
I want you to stay
away from my heart
하늘이 내게 내린 벌인가
아님 그리 쉽게 나를 버릴까
억지로 누군가를 사랑하며
또 살아갈까
별들 사이를 누비고
내 맘을 노래로 채우고
Don't leave let me freez
날 좀 도와줘 Help me please
죽을 때까지 기다릴거야
니가 아무리 뭐라 그래도
난 기다릴거야
내일 다시 올게
내일 다시 올게"
32224272,METEOR,창모 (CHANGMO),"Yeah ha
Yeah ha
Yeah ha
Yeah ha
Yeah ha
Yeah ha
Yeah ha
Yeah ha
Yeah ha
Yeah ha
Yeah ha
Yeah ha
모두 그에게 말해 또 왔네
새꺄 whut
죽지 않고 왔다 이렇게
새꺄 뭐
Snacky chan의
라인을 빌릴래
했어 예수처럼 이렇게 부활을
031 팔 안쪽의
tatt freaky woah
어젠 시장님이 만나쟤 motown
어수룩해 엄마 속에 걱정
한 톤만큼 쌓고
스물한살에 독립했던 얘는
여섯이 되었고
발견했지 우연히 5년 전의 노트
정말 스타 되고 싶어
그럴려면 가서 만나면 돼 악마
노트를 덮고
거울에 비춰진 남자를 보니 와
저 손목이 너무 부러워
저 금 daydate rollie
넘을걸 천백은 더
전국
사람들이 외치네
저 괴물체는 뭘까
Meteor
거대 Meteor
난 네게 처박힐 Meteor야
별빛이 내려오지 마구
내려오지
경고
경고
그래도 처박힐 Meteor야
motown의 1번 노랠
기억해 니들
뭐였지 뭐였나 음 음
i’m the man in the mirror
그러니 light me up
1절의 그 별이 2절의 그 별이
그래 모두 나였지
실화가 된 동화이지
힘들 때면 홀로
쓴 노래를 불러
환상들을 보던
성냥팔이 소년이였던 나날들이
365 24 730 24에 7
1095 아 그만 세자
1400이 되니 oh
그 애랑도 하고 돔페리뇽이 만든
숙취 땜에 넋을 놓은 나를 향해
몇천 명이 와 해
본 적은 없지만 때론
어떤 존재가
내 인생을 왔다 간 듯해
그냥 그런 느낌이 들지
상관없어 환상이던 현실이던지
hands up high
전국
사람들이 외치네
저 괴물체는 뭘까
Meteor
거대 Meteor
난 네게 처박힐 Meteor야
별빛이 내려오지 마구
내려오지
경고
경고
그래도 처박힐 Meteor야
영 영 영원히
약속해 영원하기로
어둠 가득한 저 뒤로
돌려보내지 말아요 제발 제발
영 영 영원히
난 영원할 거라 믿어
흥분으로 가득차
이 도시에 나 외칠 꺼야
드디어 내가 여 왔다"
32438894,어떻게 지내 (Prod. By VAN.C),오반,"어떻게 지내 식상한 말이
내 가사가 될 줄 몰랐어
얼마 안됐네 지나온 날이
다 알아도 그립더라고
i still need you
i need you
i still need you
i need you
시간이 필요했어 우린 정말 사랑했지만
가살 쓰는 법도 잊어버리게 됐지 난
넌 헤어지면 우리 노랠 제발 내지 말아
달라 했지만 못 들어줘 미안
나는 하루 종일 누워 있었어
불면이 심해져서 안 피곤한 날이 없어
가끔은 문 밖에서 누가 문을 두드려
그건 환상인데도 나는 두려워
다시 눈 뜨면 니가 있을까
그럼 무서운 표정을 지을까
아니면 어떤 대화를 나누고 싶어질 수도
있어 그때처럼
대체 왜 보고싶지 남겨진 상처 대신
남은 건 혼자 돼버린 역시 너와 나겠지
난 아직 낯설기만 해 넌 어때
더 지독해 지기 전에 잊어볼게
어떻게 지내 식상한 말이
내 가사가 될 줄 몰랐어
얼마 안됐네 지나온 날이
다 알아도 그립더라고
i still need you
i need you
i still need you
i need you
월요일에 병원을 예약했어
너 없이 사는게 힘들었나봐
하루도 빼지 않고 사람을 만나
너도 알겠지만 오봉이도 데려 왔어
너무 그리워하지 않더라 예범이는
난 약을 먹었지만 아닐거야 별일은
자전거를 타고 어디론가 가려하면
다 너와 간 곳 뿐인게 좀 그럴 뿐야
여기저기에 핑계를 대 불면증 습관이 돼
너가 아닌 사람에게 널 원하고
흉터가 된 상처는 더 이상
아프지가 않잖아
그래서 널 그리나봐 이젠 눈물이 나와
널 다치게 하지 않을 순 없었을까
만약 나 때문이었다면 다 나 때문이면
어떻게 지내 식상한 말이
내 가사가 될 줄 몰랐어
얼마 안됐네 지나온 날이
다 알아도 그립더라고
i still need you
i need you
i still need you
i need you
널 이렇게 망가지게 한 게
나인 건 아닐까
내가 이렇게 망가지다니
대체 왜 병원에 다닐까
널 이렇게 망가지게 한 게
나인 건 아닐까
내가 이렇게 망가지다니
대체 왜 병원에 다닐까"
33632153,비 오는 날 듣기 좋은 노래 (Feat. Colde),에픽하이 (EPIK HIGH),"비가 오고
네가 생각나
비가 오고
또 비가 오고
슬픈 음악이 흐르면
옛 노래처럼
네가 생각나
네가 생각나
비가 오고
잠이 안 오고
슬픈 음악이 흐르면
옛 가사처럼
네가 생각나
네가 생각나
네가 생각나
술이 물처럼 넘어가네
오늘따라
몸이 예전 같지 않은 걸
내 마음이 모르나 봐
때마침 네가 좋아했던
옛 노래도 흐르니
다시 손 틈새 스며드는 memory
위험해 위험해
속 시원하게 운다
감정을 일절 금했다간
한 순간에 훅 가
구차하게 내 탓 네 탓
이 쓸쓸한 날씨 탓 하긴 싫다
마음 편히 널 그리워할래
인생 뭐 있냐
어차피 알 수 없는 내일인데
I know I know
you will never take me back
마음이 약해질 수록 술이 더 세지네
이런 내가 싫겠지만 이해해
인생 뭐 있냐 몇 장 뒤엔
마지막 페이지인데
I know I know
you will never take me back
그칠 때만 되면 또 다시 비가 내리네
난 잘 지내
비가 오고
또 비가 오고
슬픈 음악이 흐르면
옛 노래처럼
네가 생각나
네가 생각나
비가 오고
잠이 안 오고
슬픈 음악이 흐르면
옛 가사처럼
네가 생각나
네가 생각나
네가 생각나
다 잊고 싶었지만
증발했다고 믿었던
추억이 비가 됐나 봐
창밖에 쏟아지는 빗방울
내 마음을 두드리면
엉킨 감정을 풀고
다시 이어지는 인연
괜찮은 척 해서
더 아파야 했던 지난 날
이젠 웃으며 맞이하네
공허한 밤 혼자 내뱉는 이 넋두리도
메아리 치다 지쳐
언젠가 끝나겠지 뭐
내버려 둬
사랑 뭐 있냐
어차피 돌아서면 남인데
I know I know
you will never take me back
몸이 멀어질 수록
멀어지는게 마음인데
이런 내가 싫겠지만 이해해
사랑 뭐 있냐 몇 장 뒤엔
마지막 페이지인데
I know I know
you will never take me back
그칠 때만 되면 또 다시 비가 내리네
잘 지내
비가 오고
또 비가 오고
슬픈 음악이 흐르면
옛 노래처럼
네가 생각나
네가 생각나
비가 오고
잠이 안 오고
슬픈 음악이 흐르면
옛 가사처럼
네가 생각나
네가 생각나
네가 생각나
비 오는 날에
듣기 좋은 노래
자꾸만 더 늘어가네요
비가 오고
비가 오고
또 비가 오고
슬픈 음악이 흐르면
옛 노래처럼
네가 생각나
네가 생각나
비가 오고
잠이 안 오고
슬픈 음악이 흐르면
옛 가사처럼
네가 생각나
네가 생각나
네가 생각나
비 오는 날에
듣기 좋은 노래
자꾸만 더 늘어가네요
이 비가 그치는 날에
해 뜨는 날에
이런 노래
그만할게요"
33359725,"사이렌 Remix (Feat. UNEDUCATED KID, Paul Blanco)",호미들,"울려댔어 사이렌
텅 빈 길거리엔
도망치다 흘린 칼자루와 피가 흥건해
우리 그때 어릴땐
뭘 몰랐었지 man
그냥 힘쎈 형이 제일로 멋졌었지 그땐
그래 우린 살아나왔어 지옥
이제 어딜가든 다 비옥
수도 없이 맛본 치욕
어릴때부터 입에 붙은 쌍욕
절대 할 수 없었지 신고
할 수 있는게 오직 기도
어떻게 느끼겠어 피곤
붉게 물들지 않을려 내 흰옷
침대가 없어서 엄마랑 잤어
매일 밤마다 우는 소리가 들려
난 대체 뭘 해야 되는지 몰라서
그냥 계속했어 자는 척
떨면서 BBQ 치킨을 시켰어
엄마는 우리를 속였어
고작 15000원 때문에
엄마 내가 돈 어떻게든 벌어올게
이제 남몰래 눈물 흘리지 않아도 돼
내 몸 하나 불살라서라도 꺼내줄게
난 그 모습 다시 실눈 뜨고 볼 순 없기에
울려댔어 사이렌
텅 빈 길거리엔
도망치다 흘린 칼자루와 피가 흥건해
우리 그때 어릴땐
뭘 몰랐었지 man
그냥 힘쎈 형이 제일로 멋졌었지 그땐
그래 우린 살아나왔어 지옥
이제 어딜가든 다 비옥
수도 없이 맛본 치욕
어릴때부터 입에 붙은 쌍욕
절대 할 수 없었지 신고
할 수 있는게 오직 기도
어떻게 느끼겠어 피곤
붉게 물들지 않을려 내 흰옷
여기서 더 있다간 감방이 내 방
종신형이 친구 책가방 안에
어린 내가 짝사랑하던 그 여잔
이 block에서 지금 몸 팔아
새꺄 this real life
김치 냄새 땜에 놀려대길래
도시락통을 닫아
That’s real life
그런 날 보고 지 점심을 나눠준
꼬마가 있었어
That’s real life
어느 날 관 속에
그 친구의 얼굴을 만지게 됐어
That’s
울려댔어 사이렌
텅 빈 길거리엔
도망치다 흘린 칼자루와 피가 흥건해
우리 그때 어릴땐
뭘 몰랐었지 man
그냥 힘쎈 형이 제일로 멋졌었지 그땐
그래 우린 살아나왔어 지옥
이제 어딜가든 다 비옥
수도 없이 맛본 치욕
어릴때부터 입에 붙은 쌍욕
절대 할 수 없었지 신고
할 수 있는게 오직 기도
어떻게 느끼겠어 피곤
붉게 물들지 않을려 내 흰옷"
2312253,"헤어지지 못하는 여자, 떠나가지 못하는 남자 (Feat. 정인)",리쌍,"헤어지지 못하는 여자
떠나가지 못하는 남자
사랑하지 않는 우리 그래서
No no no no no no
헤어지지 못하는 여자
떠나가지 못하는 남자
사랑하지 않는 우리 그래서
No no no no no no
우린 삼백만원짜리
중고차로 함께
어디든 다녔지 남부럽지 않게
팔짱을 끼고
한장의 사진에 추억을 담고
밤잠을 설쳐가며
서로를 알아가고
내 꿈은 너의 미래가 되어
우린 서로를 따르는
한쌍의 아름다운 새여
채워져도 부족했던 사랑
다시 태어나도 만나고픈 사람
하지만 세월 앞에서는 역시
서로의 욕심을 이기지 못해
욕실에 홀로 앉아 우는
너의 울음 소리
나를 쏘아보는 눈초리
날이 갈수록 더 해
난 또 이별을 생각해 하루종일
태양은 뜨거운데
니 맘은 얼어있네
누구의 잘못인지
사랑하긴 하는데 Baby
모든게 그대론데
우리는 변해있네
누구의 잘못인지
사랑하긴 하는데 Baby
헤어지지 못하는 여자
떠나가지 못하는 남자
사랑하지 않는 우리 그래서
No no no no no no
헤어지지 못하는 여자
떠나가지 못하는 남자
사랑하지 않는 우리 그래서
No no no no no no
때론 너무나 바빠 너에게 미안해
지갑에 돈을 채우고 시간을 내
티나게 사랑을 표현 못해도
너와 함께 영화를 보고
밥을 먹으면
니 기분이 풀릴거라 여기던
내 생각은 또 빗나가
거리를 거닐며
너에게 장난을 쳐도
진부한 사랑 놀이
사랑은 한때 사랑은 이별과 한패
이별은 사랑을 데리고 가는데
태양은 뜨거운데
니 맘은 얼어있네
누구의 잘못인지
사랑하긴 하는데 Baby
모든게 그대론데
우리는 변해있네
누구의 잘못인지
사랑하긴 하는데 Baby
헤어지지 못하는 여자
떠나가지 못하는 남자
사랑하지 않는 우리 그래서
No no no no no no
헤어지지 못하는 여자
떠나가지 못하는 남자
사랑하지 않는 우리 그래서
No no no no no no
사랑은 한때 사랑은 이별과 한패
이별은 사랑을 데리고 간대
사랑은 한때 사랑은 이별과 한패
이별은 사랑을 데리고 간대
버리면 버려지는게 사랑이라면
얼마나 좋을까
모두 꿈인데 니 손을 잡은 건
원하면 얻어지는게 사랑이라면
얼마나 좋을까
모두 꿈인데
나는 벗어나지 못하네
헤어지지 못하는 여자
떠나가지 못하는 남자
사랑하지 않는 우리 그래서
No no no no no no
헤어지지 못하는 여자
떠나가지 못하는 남자
사랑하지 않는 우리 그래서
No no no no no no
No no no No no no
No no no No no no
Oh yeh
사랑에 묶이는 남자는
약해 빠진걸까
사랑을 굶기는 남자는
무능력한걸까
비밀을 숨기는 남자는
나 뿐인걸까
사랑 대체 왜 변하는걸까
Yeh"
35595136,새삥 (Prod. ZICO) (Feat. 호미들),지코 (ZICO),"기분이 째져
Ayy who's the best dresser
반경 100m 누가 젤 튀어
잘 되면 셀럽
못 되면 평생 리셀러
내 개성은 시대를 안 타 huh
안 타 cause
나는 새삥
모든 게 다 새삥
보세 옷을 걸쳐도
브랜드 묻는 DM이 와
I’m too sexy
헌 집 주고 새집
프리미엄이 붙어
두 배, 세 배, 네 배 yeah
나는 새삥
11년째 freshman
유명세를 걷어
현찰 대신 스펙을 stackin’
Ooh! You’re not savage
남의 멋만 쌔비지
난 취향을 감춰 그래
내 세컨 카는 수수께끼
Show and prove의 심볼
넘볼 수 없는 임금
The king is back 뽷!
다시 ’코’시국
암만 영끌해도 근본은 절대 못 사
눈팅으로 배운 너의 street fashion
뚜까 패고파
기분이 째져
Ayy who's the best dresser
반경 100m 누가 젤 튀어
잘 되면 셀럽
못 되면 평생 리셀러
내 개성은 시대를 안 타 huh
안 타 cause
나는 새삥
모든 게 다 새삥
보세 옷을 걸쳐도
브랜드 묻는 DM이 와
I’m too sexy
헌 집 주고 새집
프리미엄이 붙어
두 배, 세 배, 네 배 yeah
아마 나는 오늘도
미치게 하겠지 workin’
이유는 뻔하지 새로운 옷이
알어 니 위치는 겉만 하지 마
건방 빌린 게 티 나서 bro
이제 여름이 오니까 준비해
내 목에다 채워질 아이스체인
1234 옷을 세는 것도 지겨워 man
New thang
I love my hates
원해 new chain
우리 엄만 생일마다
새 가방이 생기지
신기록 갱신
우린 없어 배신
나는 매일 새신
Yessir I really came from zero
그래서 2배로 work
책임을 가진 삶은 생각보다 괴로워
언제나 let's go hard
내 옷은 새로워
난 운전할 때마다 맨 앞이라 외로워
안 무셔 drip check
내 옷들은 늘 새삥
아무도 못 말려 나란 바닥노무 쉐낀
멈출 수 없어 난 쌓아야 해 stack
안전모를 썼던
나는 절대 못해 cap
기분이 째져
Ayy who's the best dresser
반경 100m 누가 젤 튀어
잘 되면 셀럽
못 되면 평생 리셀러
내 개성은 시대를 안 타 huh
안 타 cause
나는 새삥
모든 게 다 새삥
보세 옷을 걸쳐도
브랜드 묻는 DM이 와
I’m too sexy
헌 집 주고 새집
프리미엄이 붙어
두 배, 세 배, 네 배 yeah
나는 새삥 모든 게 다 새삥"
1951550,붉은 노을,BIGBANG (빅뱅),"붉은 노을 - 빅뱅
난 너를 사랑해
Let's go
Yes sir
We're back again with 이문세
That's right
Fresh collaboration 2008
It's bigbang
ye ye bust it
그댄 아시나요 있잖아요
지금 그대가 너무 그리워요
고개 숙여 눈물 훔쳐요
당신의 이름을 불러요
꼭 이렇게 날 남겨두고
떠나가야만 했는지
너만 생각하면 머리 아퍼
독하디 독한 술 같어
술 뿐이겠어 병이지
매일 앓아누워 몇 번인지
내일이면 또 잠깐 잊었다가 또
모레쯤이면 생각나겠지만
그래도 어떡해
아직 내 사랑 유효한데
돌아올 거라고 믿는데
난 너만 기다리는데
난 너를 사랑해
Oh I love you girl
이 세상은 너 뿐이야
소리쳐 부르지만
저 대답 없는 노을만 붉게 타는데
혹시 그대가 미안해한다면
내 얼굴 보기 두렵다면
Girl 그런 걱정 하덜덜덜 마
너라면 힘이 펄펄펄 나
보고 싶은 그대 얼굴
저 붉은 노을을 닮아
더 슬퍼지는 걸
Oh baby baby
다 지나간 시간
우리가 함께한 추억
잊진 말아줘요 눈을 감아
소리 없이 날 불러준다면
언제라도 달려 갈께요
Everyday everynight
I need you
난 너를 사랑해
Oh I love you girl
이 세상은 너 뿐이야
소리쳐 부르지만
저 대답 없는 노을만 붉게 타는데
아름다웠던 그대 모습을
이젠 볼 순 없겠지만
후횐 없어 그저 바라볼 수 있게
붉게 타주오
Ah Ah Ah Ah Ah Ah Ah Ah
Let's go
Ah Ah Ah Ah Ah Ah Ah Ah
해가 뜨고 해가 지네
노을 빛에 슬퍼지네
달이 뜨고 달이 지네
세월 속에 나 또한 무뎌지네
해가 뜨고 해가 지네
노을 빛에 슬퍼지네
달이 뜨고 달이 지네
그대 기억 또한 무뎌지네
난 너를 사랑해
Oh I love you girl
이 세상은 너 뿐이야
소리쳐 부르지만
저 대답 없는 노을만 붉게 타는데
난 너를 사랑해
I love you girl
이 세상은 너 뿐이야
소리쳐 부르지만
저 대답 없는 노을만 붉게 타는데
Once again
Ah Ah Ah Ah Ah Ah Ah Ah
Let's go
Ah Ah Ah Ah Ah Ah Ah Ah
big bang"
4232200,삐딱하게 (Crooked),G-DRAGON,"영원한 건 절대 없어
결국에 넌 변했지
이유도 없어 진심이 없어
사랑 같은 소리 따윈 집어 쳐
오늘밤은 삐딱하게
내버려둬
어차피 난 혼자였지
아무도 없어 다 의미 없어
사탕 발린 위로 따윈 집어 쳐
오늘밤은 삐딱하게
버럭버럭 소리쳐 나는 현기증
내 심심풀이 화풀이
상대는 다른 연인들
괜히 시비 걸어 동네 양아치처럼
가끔 난 삐딱하게
다리를 일부러 절어
이 세상이란 영화속
주인공은 너와나
갈 곳을 잃고 헤매는
외로운 저 섬 하나
텅텅 빈 길거리를
가득 채운 기러기들
내 맘과 달리 날씨는
참 더럽게도 좋아
너 하나 믿고 마냥
행복했었던 내가
우습게 남겨졌어
새끼손가락 걸고
맹세했었던 네가
결국엔
영원한 건 절대 없어
결국에 넌 변했지
이유도 없어 진심이 없어
사랑 같은 소리 따윈 집어 쳐
오늘밤은 삐딱하게
내버려둬
어차피 난 혼자였지
아무도 없어 다 의미 없어
사탕 발린 위로 따윈 집어 쳐
오늘밤은 삐딱하게
짙은 아이라인 긋고
스프레이 한 통 다 쓰고
가죽바지 가죽자켓
걸치고 인상 쓰고
아픔을 숨긴 채 앞으로
더 비뚤어질래
네가 미안해지게
하늘에다 침을 칵
투박해진 내 말투와
거칠어진 눈빛이 무서워 너
실은 나 있지 두려워져
돌아가고픈데 갈 데 없고
사랑하고픈데 상대 없고
뭘 어쩌라고
돌이 킬 수 없더라고
너 하나 믿고 마냥
행복했었던 내가
우습게 남겨졌어
새끼손가락 걸고
맹세했었던 네가
결국엔
영원한 건 절대 없어
결국에 넌 변했지
이유도 없어 진심이 없어
사랑 같은 소리 따윈 집어 쳐
오늘밤은 삐딱하게
내버려둬
어차피 난 혼자였지
아무도 없어 다 의미 없어
사탕 발린 위로 따윈 집어 쳐
오늘밤은 삐딱하게
오늘밤은 나를 위해
아무 말 말아줄래요
혼자인 게 나 이렇게
힘들 줄 몰랐는데
그대가 보고 싶어
오늘밤만 나를 위해
친구가 되어줄래요
이 좋은 날 아름다운
날 네가 그리운 날
오늘밤은 삐딱하게"
34256568,"회전목마 (Feat. Zion.T, 원슈타인) (Prod. Slom)",sokodomo,"내가 슬플 때마다
이 노래가 찾아와
세상이 둥근 것처럼 우린 동글동글
인생은 회전목마
우린 매일 달려가
언제쯤 끝나 난 잘 몰라
어머, 벌써 정신없이 달려왔어
Speed up 어제로 돌아가는 시곌 보다가
어려워 어른이 되어가는 과정이 Uh huh
On the road, 24 시간이 아까워 Uh huh
Big noise, Everything brand new
어렸을 때처럼 바뀌지 않는 걸
찾아 나섰단 말야 왜냐면 그때가 더 좋았어 난
So let me go back
타임머신 타고 I'll go back
승호가 좋았을 때처럼만
내가 슬플 때마다
이 노래가 찾아와
세상이 둥근 것처럼 우리
인생은 회전목마
우린 매일 달려가
언제쯤 끝나 난 잘 몰라
빙빙 돌아가는 회전목마처럼
영원히 계속될 것처럼
빙빙 돌아올 우리의 시간처럼
인생은 회전목마
어머 벌써 정신없이 달려왔어
Speed up 어제로 돌아가는 시곌 보다가
청춘까지 뺏은 현재
탓할 곳은 어디 없네
Twenty two 세에게 너무 큰 벽
그게 말로 하고 싶어도 어려웠어
가끔은 어렸을 때로 돌아가
불가능하단 건 나도 잘 알아
그 순간만 고칠 수 있다면
지금의 나는 더 나았을까
달려가는 미터기 돈은 올라가
기사님과 어색하게 눈이 맞아
창문을 열어보지만 기분은 좋아지지 않아
그래서 손을 밖으로 쭉 뻗어 쭉 뻗어
흔들리는 택시는 어느새
목적지에 도달했다고 해
방 하나 있는 내 집 안의
손에 있던 짐들은
내가 힘들 때마다
이 노래가 찾아와
세상이 둥근 것처럼 우리
인생은 회전목마
우린 계속 달려가
언제쯤 끝날지 잘 몰라
빙빙 돌아가는 회전목마처럼
영원히 계속될 것처럼
빙빙 돌아올 우리의 시간처럼
인생은 회전목마
I'm on a TV show
You would never even know
사실 얼마나 많이
불안했는지
정신없이 돌아서
어딜 봐야 할지 모르겠어
들리나요 여길 보란 말이
빙빙 돌아가는 회전목마처럼
영원히 계속될 것처럼
빙빙 돌아올 우리의 시간처럼
인생은 회전목마
빙빙 돌아가는 회전목마처럼
영원히 계속될 것처럼
빙빙 돌아올 우리의 시간처럼
인생은 회전목마"
1637914,Ballerino,리쌍,"song)
ali 사랑은 언제나 눈물이 돼 가슴에 남아
떠나지도 못한채 또 길을 멈추네
우리 사랑했던 그 추억만은 잊지말아요
내 맘에 영원히 남아 날 기쁘게 해줘요
hook)길 나를 위해 노래를 불러줘
그녀에게 들리게
사랑도(에헤~) 미련도(에헤~)
다 가져가라고
나를 위해 소리를 질러줘
그녀에게 전해줘
오늘도(에헤~) 내일도(에헤~)
날 찾지말라고
rap)
모든게 어색했어
너와 처음 밥을 먹을땐
밥풀이 입가에 묻을까
수저를 입에 넣을땐
신경이 쓰이고 또 함께 걸을땐
발을 맞쳐야할지
어깨를 감싸야할지 어디로 가야할지
여자는 알았어도 사랑은 잘 몰랐기에
나의 뒤에 쫓아오듯 따라오는 너를 위해
조금은 느리게 걸어주며 사랑은 시작됐지
낭만도 없고 구멍난 양말처럼
되는대로 살아와
망망대해 같던 나의 삶에
또 다른 세상을 보았어
난 너무 좋아서 온종일 웃고 다녔어
song)
ali 사랑은 언제나 눈물이 돼 가슴에 남아
떠나지도 못한 채 또 길을 멈추네
우리 아름답던 그 추억 속에 함께 살아요
기억 속 그대와 함께 난 춤 출 거예요
길+개리)
음..음..음..음..음..
너 없는 지금 모든게 꿈인지 꿈이 아닌지..
음..음..음..음..음..
난 지금 어딜 향해 가고 있는 건지..
음..음..음..음..음..
지금 이 곳이 너의 품인지 품이 아닌지..
음..음..음..음..음..
아픈 가슴은 왜일까..?
hook) 반복
rap)
개리 무언갈 지켜야 하는건
그것에 지쳐도 미쳐야 하는것
그래 난 너에게 미쳤었지
난 니가 원할땐 언제나
춤을 추던 발레리노
그 모습에 웃던 니 얼굴이 다 빨개지고
어둠도 환해지고
세상은 돌고 돌아도 우리는 그러지 않기로
서로에 곁에 오래 남기로
한 길로 같이 가기로 그렇게 약속했지
하지만 홀로 남아
슬픈 음악에 억지로나마 춤을 춰봐
불꺼진 놀이동산에 웃고 있는 회전목마
그처럼 죽은듯 웃으며
니가 올까 미련을 가져본다
hook) 반복"
33448767,문득,BE'O (비오),"배가 고파서
밥을 차렸는데
문득 네가 앉아서
내 앞에서 웃어서
멍을 때리다가
정신 차렸는데
문득 바보 같아서
식은 밥이 남아서
배고파
나의 밤이 바뀐 건
살이 많이 빠진 건
네가 문득 와서잖아
I want you to stop coming
욕도 했지 나쁜X
근데 네가 다칠까
다시 문득 멈추잖아
밖에 나가서
주문을 했는데
문득 네가 앉아서
네 음식을 골라서
멍을 때리다가
전부 시켰는데
문득 바보 같아서
너무 많이 남아서
배고파
나의 밤이 바뀐 건
살이 많이 빠진 건
네가 문득 와서잖아
I want you to stop coming
욕도 했지 나쁜X
근데 네가 다칠까
다시 문득 멈추잖아
문득
문득
문득
문득
네가 생각나
네가 떠올라
문득
문득
문득
문득
네가 생각나
네가 떠올라
Bad girl
지금 쓰는 어린 이 곡이
최선이란 말로는 변명이 안 되니까
취해서라고 믿고 다음 곡 넘겨줄래
대뜸 매번 나타나지 마
어쨌든
나는 진심이긴 했나 봐
곡은 잘 나왔는데 너 생각나니까
짜증 나게 기분이 또 오르내리락
네 향기들 좀 데려가
1년째 계속 나니까
네가 고파서
너를 찾았는데
문득 네가 없어서
모든 게 다 무서워서
방 안에 숨었다가
잊었나 했는데
문득 많이 맡아 본
네 향기가 또 나서
잊고파
나의 밤이 바뀐 건
살이 많이 빠진 건
네가 문득 와서잖아
I want you to stop coming
욕도 했지 나쁜X
근데 네가 다칠까
다시 문득 멈추잖아"
522852,너에게 쓰는 편지 (Feat. 린),MC몽,"My life it's like song
너에게 쓰는 편지
잘 들어봐
눈 부신 태양 아래
내리 쬐는 햇빛
그 안에 사랑을 숨쉬게 하는
너와 나 너의
그 작은 마음
하나 하나가 내게
더 없이 큰 사랑의 위로가
You so beautiful
아름다운 너의 미소
난 니가 아니면 사랑에 목말라
난 니가 아니면 기쁨에 목말라
넌 어떤 누구보다 내겐 남달라
문득 너를 처음
만난 날을 기억해
힘들었던 내 삶이
지친 내 어깨를
네게 기댈 수 있게
이제 행복을 느끼고
잠시라도 너의
등 뒤에 쉴 곳을 정해준
난 너를 처음부터 사랑한거야
나 또한 너 없인 못 살아
If you go If you leave
너를 닮아 가고
나를 닮아 가는
우린 사랑하고
If you go If you leave
잠시 너를 떠났던
나를 잡아준 네게
더 감사해
My life it's like song
너에게 쓰는 두번째 편지
잘들어봐
내 마음에 사랑은 식지 않아
시간이 갈수록
더 뜨겁게 타 올라
오직 그대가 있기에
가능한 일이야
사랑에 빠져 버린
내 소중한 사람아
미소를 머금으로
당신의 그 눈빛
따사롭게 내 등을
감싸던 그 손길
널 사랑하기에
변하지 않는 진실로
오늘밤 역시 너에 대한 기대로
네게 무엇 하나
줄 수 없던 나인걸
널 위해 기도할께
단지 너의 곁에 함께
숨을 쉬는 것
널 위해 살아갈께
그것 뿐인 나의 사랑이
널 미소 짓게 해
널 더욱 사랑하게 만든 거였어
너와 나 우린 영원히 하나
If you go If you leave
너를 닮아가고
나를 닮아가는
우린 사랑하고
If you go If you leave
잠시 너를 떠났던
나를 잡아준 네게
조금 더 난 가까이
속삭여 줄께
사랑해
난 너 하나면 너무 행복해 우
just can leave it
긴긴 시간에
서로간에
너무나 진솔한 믿음이 필요해
너만을 사랑해
믿어 볼래
영원히 너만을 지켜줄께
긴긴 시간에
서로간에
너무나 진솔한 믿음이 필요해
너만을 사랑해
믿어 볼래
영원히 너만을 지켜줄께
If you go If you leave
이젠 나도 알아
너만 바라보는
그런 나를 알아
If you go If you leave
너의 뒤에 숨어서
맑은 너의 눈으로
사랑할께"
32479576,GONE (Feat. Paloalto) (Prod. TOIL),릴러말즈 (Leellamarz),"우리 사랑했던 기억도
서로 부대끼며 쌓은 추억도
모두 지나가니까
전부 나을 테니까
지나가자 못 봤던 것처럼
너가 내게 주던 상처도
맞춰가며 내게 생긴 흉터도
모두 지나가니까
전부 나을 테니까
사랑하자 안 해봤던 것처럼
Yea I’m gone
Yea I’m gone
Yea I’m gone
Yea I’m gone
Yea I’m gone
Yea I’m gone
Yea I’m gone
Yea I’m gone
I’m done yea right
너가 무슨 말을 하던
안 들리지 내게 더는
몰랐어 사랑하는 법을
골랐지 우린 다른 점을
아무리 힘들어도 절대
돌아갈 수 없지 없던 시절로는
Oh no
너는 어떻게 지내는지
힘들다고만 하던 내게로 부터
You better leave
난 만들어 또 다른 앨범
너의 얘기는 없어 이제 더는
우리 관계는 well done
백번 생각해봐도 well done
끝났지
이제 그만 no 만취
홍대 거리에는 사람들이 너무 많지
나를 알아보는 사람들도 너무 많지
No mo pills
No mo we 그리고 no mo sweet
No mo sweet
I love my girl 그래서 hustlin
전부 쓸어 담지
우리 사랑했던 기억도
서로 부대끼며 쌓은 추억도
모두 지나가니까
전부 나을 테니까
지나가자 못 봤던 것처럼
너가 내게 주던 상처도
맞춰가며 내게 생긴 흉터도
모두 지나가니까
전부 나을 테니까
사랑하자 안 해봤던 것처럼
Yea I’m gone
Yea I’m gone
Yea I’m gone
Yea I’m gone
Yea I’m gone
Yea I’m gone
Yea I’m gone
Yea I’m gone
만약 널 잃는다면 이게 다 무슨 의미
너가 없는 상태로는
다친 마음 못 추스리지
덕분에 웃음 짓지
세상은 추운 곳이니
혼자서 채우긴
쉽지 않기 땜에 두려운 거지
사랑에 눈이 멀지 마음의 눈이 멀지
사랑이라는 건 꾸밈없이
특별한 둘이 되니
우린 거의 하나야
굳이 설명하나 마나야
작은 기억도 나눠
때론 싸워도 넌 내 자랑이야
나의 모든 것에 너의 흔적이
끄적인 가사에도 너의 숨결이
힘들 땐 주절주저리
털어놓으면 좀 풀렸지
그만큼 힘이 되는 너란 존재를
어찌 부정할 수 있을까
상상하기 싫어 난
우리 약속 가볍지 않아
우리 관계는 유행도 아냐
어쩌다 삐끗할 때 있지만
사는 게 그런 거 아냐
느끼기 싫어 불안감
난 겪기 싫어 그런 삶
열심히 사는 게 기쁜 이유
함께라서 너랑 나
Yea I’m gone
Yea I’m gone
Yea I’m gone
Yea I’m gone
Yea I’m gone
Yea I’m gone
Yea I’m gone
Yea I’m gone"
8271355,"And July (Feat. DEAN, DJ Friz)",헤이즈 (Heize),"약이라도 타놓은 걸까 yeah
I said it's true
평범한 네 목소리에
I said it's true
냉수를 들이켜도
쓴 커피를 마셔봐도
너무 달아 이거 왜이래
I said it's
killin me softly
일부터 열까지
네 과거들까지
빠삭하게 다 아는 내가
대체 뭔 바람에 이러는지
애써 뺑 돌려 말도 못하고 속이 터져
더위를 먹었다 하기엔
오래 됐는데 이거 원 Whut
또 네 주위만 맴도네
I can give you the world
너만 내게로 온다면
I can give you the world
넌 말만해
뭐든 간에 다 해줄 텐데 yeah
유난히 길던 봄부터
코 앞에 닥친 여름까지
Thinking bout you baby Yeah
7월의 햇볕보다 뜨거운 밤
모든 주말이 그렇듯 또 식겠지만
오늘은 다를 걸 미뤄왔던
내 그 간의 감정들을
말 할거야 너에게
I hope We'll be ok
전부터 기다린
UMF 티켓도 전부 다 밀어둔 채
널 만나러 가는 길 Baby
가벼운 향수도 뿌리고
고이 모셔 놓은 조던도 꺼냈는데
그 때 걸려온 너의 CALL
나 오늘 못 나갈 것 같애
I can give you the world
너만 내게로 온다면
I can give you the world
넌 말만해
뭐든 간에 다 해줄 텐데 yeah
유난히 길던 봄부터
코 앞에 닥친 여름까지
Thinking bout you baby ooh
오가는 사람들 속 나 혼자
떠나가는 밤을 위로해
But 오늘이 아니면 안될 것 같아
너의 전화번호를 누르고
더 망설이다가
다른 여자 곁에 널 보게 될 지 몰라
ah ah ah
눈치 좀 보다가
내 이야기 아닌 척 하며 슬쩍 떠볼까
ah ah ah
난 몰라 몰라 하면서
두 번의 계절이
너와 나의 곁을 지나갔구나
지금 이 순간도
난 네가 보고싶구 막
확실하게 해야겠어 이제 그만
사실 5월이면
좀 급해 보일까 해서
다음 6월이면
바쁠 게 불 보듯 뻔해서
그러다 여기까지 왔어
친구인 티는 다 벗었어
You already know
흠 그러니까 내 말은
You're fine
I'm fine
And July
Oh 이유는 충분하잖아 BABY
You're fine
I'm fine
And July oh you know
난 남자일 때가 더 괜찮아"
32313543,아무노래,지코 (ZICO),"왜들 그리 다운돼있어
뭐가 문제야 say something
분위기가 겁나 싸해
요새는 이런 게 유행인가
왜들 그리 재미없어
아 그건 나도 마찬가지
Tell me what I got to do
급한 대로 블루투스 켜
아무 노래나 일단 틀어
아무거나 신나는 걸로
아무렇게나 춤춰
아무렇지 않아 보이게
아무 생각 하기 싫어
아무개로 살래 잠시
I’m sick and tired of my everyday
Keep it up 한 곡 더
아무 노래나 일단 틀어
아무렴 어때 It’s so boring
아무래도 refresh가 시급한 듯해
쌓여가 스트레스가
배꼽 빠질 만큼만
폭소하고 싶은 날이야
What up my dawgs 어디야 너희
올 때 병맥주랑
까까 몇 개 사 와 huh
클럽은 구미가 잘 안 당겨
우리 집 거실로 빨랑 모여
외부인은 요령껏 차단 시켜
밤새 수다 떨 시간도 모자라
누군 힘들어 죽겠고 누군 축제
괜히 싱숭생숭 I want my youth back
좀 전까지 왁자지껄
하다 한 명 두 명씩 자릴 떠
왜들 그리 다운돼있어
뭐가 문제야 say something
분위기가 겁나 싸해
요새는 이런 게 유행인가
왜들 그리 재미없어
아 그건 나도 마찬가지
Tell me what I got to do
급한 대로 블루투스 켜
아무 노래나 일단 틀어
아무거나 신나는 걸로
아무렇게나 춤춰
아무렇지 않아 보이게
아무 생각 하기 싫어
아무개로 살래 잠시
I’m sick and tired of my everyday
Keep it up 한 곡 더
떠나질 못할 바엔
창밖은 쳐다도 안 봐
회까닥해서 추태를 부려도
No worries at all
이미지 왜 챙겨
그래 봤자 우리끼린데
Ohh 늦기 전에 막판 스퍼트
20대가 얼마 안 남았어
편한 옷으로 갈아입어
You look nice get’em high
얼핏 보면 그냥 코미디
이렇게 무해한 파티 처음이지
만감이 교차하는 새벽 2시경
술잔과 감정이 소용돌이쳐
왜들 그리 다운돼있어
뭐가 문제야 say something
분위기가 겁나 싸해
요새는 이런 게 유행인가
왜들 그리 재미없어
아 그건 나도 마찬가지
Tell me what I got to do
급한 대로 블루투스 켜
아무 노래나 일단 틀어
아무거나 신나는 걸로
아무렇게나 춤춰
아무렇지 않아 보이게
아무 생각 하기 싫어
아무개로 살래 잠시
I’m sick and tired of my everyday
Keep it up 한 곡 더
아무 노래나 일단
아무 노래 아무 노래
아무 노래나 틀어봐
아무 노래 아무 노래
아무 노래나 틀어봐
아무 노래 아무 노래
아무 노래나 틀어봐
아무 노래 아무 노래
아무 노래나 KOZ"
34701816,존재만으로,원슈타인,"Miss you
한동안 난 멍하니 지내
시간은 바쁜 듯이 흘러
바람이 매몰차게 스쳐 가네
But I
네 생각으로 힘이 나네
방금 전에 널 본 것처럼
유난히 널 닮은 별 아래
세상이 환하게 보여
넌 나를 빛나게 해
존재만으로
Bless you
너 없이 빈 하루가 가네
듬성하게 빈 공간 속에는
채워지네 너만의 모습으로
But I
네 생각으로 힘이 나네
방금 전에 널 본 것처럼
하늘의 별이 반짝이네
내 마음 아는 것처럼
넌 나를 빛나게 해
존재만으로
다시 혼자인걸 알고 나면
마치 기다리고 있던 덫처럼 problems
I know I know
짐을 덜고 싶지 않은 당신
그럼 난 말을 줄이며
하고 싶은 얘기를 뒤로 미루고
어느새인가 관심이 없어 보이며
그냥 지나가는 행인1 행인2 행인3
침대위로 누워버려 난
뭘 하고 있을까 넌 알고 있을까
변했어 나의 밤 새벽 2:45
전엔 지옥 같더니 이젠 설레는 마음
그 길로 뛰어나간 난
우리동네에서 제일 좋은 전망
그 밑을 내려다보며
저기 어딘가에 있겠지 하며
이 밤 처음으로 웃었지
환한 네 미소처럼
넌 나를 빛나게 해
존재만으로"
3947371,"? (물음표) (Feat. 최자 Of 다이나믹듀오, Zion.T)",프라이머리,"전화를 할까 말까 문자로 할까
아 시간이 너무 늦었나
그녀는 벌써 잘까
오늘따라 밤이 너무 길어
문자를 썼다 고쳤다 하다가 지워
아쉬워 방금 보낸 문자가
답장을 기다리는
이 시간이 너무 길어
안절부절 못하는 내 모습이
안타까워서 약속도 없는
밤거리로 나왔어
뻥 터졌어 호르몬 두근거려
사춘기 중학생처럼 오예
내 맘에 빨간 불이 켜졌어
널 생각하면 이성은
꼼짝 못하고 얼어
제대로 털렸어 나 딱 걸렸어
나 넌 진짜
감당하기 힘든 일을 벌렸어
난 브레이크가 고장 난 8톤 트럭
못 멈춰 이미 시동 걸렸어 난
넌 웃을 때 웃을 때 콧구멍이 커져
그건 위험해 위험해 니 앞에 서면
괜히 수줍게 어물쩡대
그러고 보면 내가 어떻게 해
너는 왜 항상 무표정
넌 대체 뭘 하는 여자길래
도대체 뭘 먹고 자랐길래
물음표 물음표 찍게 만들어
니가 뭔데 내 입가에
미소만 짓게 만들어
Woah 말도 안돼
제발 좀 그만해줄래
너무 귀여워 끌려 난 어지러워 끌려
끌리는 것 이상으로
저걸 어째 뭔데
네 번째 손가락에 낀 반지 뭔데
슬쩍 묻네 대답 없고
스무고개 하자 할 수도 없고
나만 술래 하기야
넌 매일 도망가기만 해
날 어쩔 셈이야 이거
어장관리 아냐
날 잡던지 아님
내게 잡히던지 해줘
뿌리치던지 내게 안기던지 해줘
그렇게 웃지만 말고 얘기해줘
답답한 내 맘에다 너란 창을 내줘
넌 대체 뭘 하는 여자길래
도대체 뭘 먹고 자랐길래
물음표 물음표 찍게 만들어
니가 뭔데 내 입가에
미소만 짓게 만들어
Woah 말도 안돼
제발 좀 그만해줄래
너무 귀여워 끌려
난 어지러워 끌려
끌리는 것 이상으로 끌려"
